-- phpMyAdmin SQL Dump
-- version 4.5.4.1deb2ubuntu2
-- http://www.phpmyadmin.net
--
-- Host: localhost
-- Generation Time: Jan 10, 2017 at 08:06 PM
-- Server version: 10.0.28-MariaDB-0ubuntu0.16.04.1
-- PHP Version: 7.0.8-0ubuntu0.16.04.3

SET SQL_MODE = "NO_AUTO_VALUE_ON_ZERO";
SET time_zone = "+00:00";


/*!40101 SET @OLD_CHARACTER_SET_CLIENT=@@CHARACTER_SET_CLIENT */;
/*!40101 SET @OLD_CHARACTER_SET_RESULTS=@@CHARACTER_SET_RESULTS */;
/*!40101 SET @OLD_COLLATION_CONNECTION=@@COLLATION_CONNECTION */;
/*!40101 SET NAMES utf8mb4 */;

--
-- Database: `tcc`
--

-- --------------------------------------------------------

--
-- Table structure for table `agregacao`
--

CREATE TABLE `agregacao` (
  `idAgregacao` int(11) NOT NULL,
  `tempos` int(11) NOT NULL,
  `excluido` tinyint(1) NOT NULL DEFAULT '0',
  `Sala_idSala` int(11) DEFAULT NULL,
  `Professor_idProfessor` int(11) DEFAULT NULL
) ENGINE=InnoDB DEFAULT CHARSET=utf8;

--
-- Dumping data for table `agregacao`
--

INSERT INTO `agregacao` (`idAgregacao`, `tempos`, `excluido`, `Sala_idSala`, `Professor_idProfessor`) VALUES
(2, 2, 0, 0, 1),
(3, 2, 0, 0, 1),
(4, 2, 0, 0, 2),
(5, 2, 0, 0, 2),
(6, 2, 0, 0, 2),
(7, 2, 0, 0, 3),
(8, 2, 0, 0, 3),
(9, 2, 0, 0, 3),
(10, 2, 0, 0, 4),
(11, 2, 0, 0, 4),
(12, 2, 0, 0, 4),
(13, 2, 0, 0, 5),
(14, 2, 0, 0, 5),
(15, 2, 0, 0, 5),
(16, 2, 0, 0, 5),
(17, 2, 0, 0, 5),
(18, 2, 0, 0, 4),
(19, 2, 0, 0, 4),
(20, 2, 0, 0, 6),
(21, 1, 0, 0, 6),
(22, 2, 0, 0, 7),
(23, 1, 0, 0, 7),
(24, 2, 0, 0, 12),
(25, 2, 0, 0, 12),
(26, 2, 0, 0, 9),
(27, 2, 0, 0, 9),
(28, 2, 0, 0, 10),
(29, 2, 0, 0, 10),
(30, 2, 0, 0, 8),
(31, 2, 0, 0, 8),
(32, 2, 0, 0, 8),
(33, 2, 0, 0, 8),
(34, 2, 0, 0, 12),
(35, 2, 0, 0, 12),
(36, 2, 0, 0, 12),
(37, 2, 0, 0, 12),
(38, 2, 0, 0, 24),
(39, 2, 0, 0, 24),
(40, 2, 0, 0, 25),
(41, 2, 0, 0, 25),
(42, 2, 0, 0, 25),
(43, 2, 0, 0, 26),
(44, 2, 0, 0, 26),
(45, 2, 0, 0, 26),
(46, 2, 0, 0, 27),
(47, 2, 0, 0, 27),
(48, 2, 0, 0, 28),
(49, 2, 0, 0, 28),
(50, 2, 0, 0, 29),
(51, 2, 0, 0, 29),
(52, 2, 0, 0, 30),
(53, 2, 0, 0, 30),
(54, 2, 0, 0, 30),
(55, 2, 0, 0, 0),
(56, 2, 0, 0, 0),
(57, 4, 0, 0, 13),
(58, 2, 0, 0, 14),
(59, 2, 0, 0, 14),
(60, 2, 0, 0, 31),
(61, 2, 0, 0, 31),
(62, 2, 0, 0, 15),
(63, 2, 0, 0, 15),
(64, 2, 0, 0, 32),
(65, 2, 0, 0, 27),
(66, 2, 0, 0, 18),
(67, 2, 0, 0, 18),
(68, 4, 0, 0, 16),
(69, 2, 1, 0, 16),
(70, 2, 0, 0, 16),
(71, 4, 0, 0, 17),
(72, 2, 0, 0, 17),
(73, 2, 0, 0, 13),
(74, 4, 0, 0, 13),
(75, 2, 0, 0, 33),
(76, 2, 0, 0, 33),
(77, 2, 0, 0, 34),
(78, 2, 0, 0, 34),
(79, 2, 0, 0, 34),
(80, 2, 0, 0, 34),
(81, 2, 0, 0, 19),
(82, 2, 0, 0, 19),
(83, 2, 0, 0, 20),
(84, 2, 0, 0, 20),
(85, 2, 0, 0, 11),
(86, 2, 0, 0, 11),
(87, 2, 0, 0, 22),
(88, 2, 0, 0, 22),
(89, 2, 0, 0, 23),
(90, 2, 0, 0, 23),
(91, 2, 0, 0, 36),
(92, 2, 0, 0, 36),
(93, 2, 0, 0, 37),
(94, 2, 0, 0, 37),
(95, 2, 0, 0, 19),
(96, 2, 0, 0, 19),
(97, 2, 0, 0, 0),
(98, 2, 0, 0, 0),
(99, 2, 0, 0, 6),
(100, 2, 0, 0, 6),
(101, 2, 0, 0, 21),
(102, 2, 0, 0, 21),
(103, 2, 0, 0, 10),
(104, 2, 0, 0, 10),
(105, 2, 0, 0, 11),
(106, 2, 0, 0, 11),
(107, 2, 0, 0, 35),
(108, 2, 0, 0, 35),
(109, 2, 0, 0, 35),
(110, 2, 0, 0, 35),
(111, 2, 0, 0, 7),
(112, 2, 0, 0, 7);

-- --------------------------------------------------------

--
-- Table structure for table `agregacao_recurso`
--

CREATE TABLE `agregacao_recurso` (
  `Agregacao_idAgregacao` int(11) NOT NULL,
  `Recurso_idRecurso` int(11) NOT NULL,
  `quantidade` int(11) NOT NULL,
  `flexibilidade` int(11) NOT NULL
) ENGINE=InnoDB DEFAULT CHARSET=utf8;

--
-- Dumping data for table `agregacao_recurso`
--

INSERT INTO `agregacao_recurso` (`Agregacao_idAgregacao`, `Recurso_idRecurso`, `quantidade`, `flexibilidade`) VALUES
(10, 7, 1, 4),
(11, 7, 1, 4),
(12, 3, 20, 3),
(13, 7, 1, 4),
(14, 7, 1, 4),
(15, 3, 20, 3),
(16, 7, 1, 4),
(17, 7, 1, 4),
(18, 7, 1, 4),
(19, 7, 1, 4),
(26, 7, 1, 4),
(27, 7, 1, 4),
(28, 7, 1, 4),
(29, 7, 1, 4),
(30, 7, 1, 4),
(31, 7, 1, 4),
(32, 7, 1, 4),
(33, 7, 1, 4),
(34, 7, 1, 4),
(35, 3, 20, 3),
(36, 7, 1, 4),
(37, 3, 20, 3),
(58, 7, 1, 4),
(62, 7, 1, 4),
(63, 7, 1, 4),
(66, 7, 1, 4),
(67, 7, 1, 4),
(68, 7, 1, 3),
(69, 7, 1, 3),
(70, 3, 20, 4),
(71, 7, 1, 3),
(72, 3, 20, 4),
(73, 3, 15, 4),
(74, 7, 1, 3),
(81, 7, 1, 4),
(82, 7, 1, 4),
(83, 7, 1, 4),
(84, 7, 1, 4),
(85, 3, 20, 3),
(85, 7, 1, 4),
(86, 3, 20, 3),
(86, 7, 1, 4),
(87, 3, 20, 3),
(87, 7, 1, 4),
(88, 3, 20, 3),
(88, 7, 1, 4),
(89, 3, 20, 2),
(89, 7, 1, 4),
(90, 3, 20, 2),
(90, 7, 1, 4),
(95, 7, 1, 4),
(96, 7, 1, 4),
(101, 7, 1, 4),
(102, 7, 1, 4),
(103, 7, 1, 4),
(104, 7, 1, 4),
(105, 7, 1, 4),
(106, 7, 1, 4);

-- --------------------------------------------------------

--
-- Table structure for table `agregacao_tempoaula`
--

CREATE TABLE `agregacao_tempoaula` (
  `Agregacao_idAgregacao` int(11) NOT NULL,
  `TempoAula_dia` varchar(3) NOT NULL,
  `TempoAula_horario` varchar(2) NOT NULL
) ENGINE=InnoDB DEFAULT CHARSET=utf8;

--
-- Dumping data for table `agregacao_tempoaula`
--

INSERT INTO `agregacao_tempoaula` (`Agregacao_idAgregacao`, `TempoAula_dia`, `TempoAula_horario`) VALUES
(2, 'QUA', 'M5'),
(3, 'SEX', 'M3'),
(4, 'SEG', 'N3'),
(5, 'QUI', 'N3'),
(6, 'SEX', 'N3'),
(7, 'SEG', 'N3'),
(8, 'QUA', 'N3'),
(9, 'SEX', 'N3'),
(10, 'SEG', 'N1'),
(11, 'QUI', 'N1'),
(12, 'SEX', 'N5'),
(13, 'TER', 'M1'),
(14, 'QUI', 'M1'),
(15, 'SEX', 'M3'),
(15, 'SEX', 'M5'),
(16, 'TER', 'M3'),
(17, 'QUI', 'M3'),
(18, 'SEG', 'N3'),
(19, 'QUI', 'N3'),
(20, 'SEG', 'N3'),
(21, 'TER', 'N5'),
(22, 'SEG', 'M3'),
(23, 'QUA', 'M3'),
(24, 'QUA', 'M3'),
(25, 'SEX', 'M5'),
(26, 'QUA', 'M5'),
(27, 'SEX', 'M3'),
(28, 'SEG', 'N5'),
(29, 'QUA', 'N5'),
(30, 'TER', 'N3'),
(31, 'QUI', 'N3'),
(32, 'TER', 'M5'),
(33, 'QUI', 'M5'),
(34, 'QUA', 'M1'),
(35, 'SEX', 'M3'),
(36, 'SEG', 'N5'),
(37, 'QUA', 'N3'),
(38, 'QUA', 'N1'),
(39, 'SEX', 'N1'),
(40, 'SEG', 'M1'),
(41, 'QUA', 'M1'),
(42, 'SEX', 'M1'),
(43, 'SEG', 'M1'),
(44, 'QUA', 'M1'),
(45, 'SEX', 'M1'),
(46, 'TER', 'N1'),
(47, 'QUI', 'N5'),
(48, 'SEG', 'M1'),
(49, 'SEX', 'M1'),
(50, 'TER', 'M1'),
(51, 'QUI', 'M1'),
(52, 'SEG', 'N1'),
(53, 'QUA', 'N3'),
(54, 'SEX', 'N3'),
(55, 'QUA', 'N5'),
(56, 'SEX', 'N1'),
(57, 'SEX', 'N1'),
(58, 'QUA', 'M3'),
(59, 'QUI', 'M3'),
(60, 'SEG', 'M3'),
(61, 'QUA', 'M3'),
(62, 'TER', 'N1'),
(63, 'QUI', 'N1'),
(64, 'TER', 'M3'),
(65, 'SEX', 'M1'),
(66, 'TER', 'M1'),
(67, 'QUI', 'M1'),
(68, 'SEG', 'M3'),
(69, 'SEG', 'M5'),
(70, 'QUI', 'M5'),
(71, 'SEG', 'M3'),
(72, 'QUI', 'M5'),
(73, 'SEG', 'N1'),
(74, 'QUI', 'N1'),
(75, 'QUA', 'M3'),
(76, 'SEX', 'M5'),
(77, 'TER', 'M3'),
(78, 'QUI', 'M3'),
(79, 'QUA', 'N1'),
(80, 'QUI', 'N5'),
(81, 'SEG', 'M3'),
(82, 'TER', 'M5'),
(83, 'TER', 'N1'),
(84, 'QUI', 'N1'),
(85, 'TER', 'N3'),
(86, 'QUI', 'N3'),
(87, 'SEG', 'M5'),
(88, 'QUA', 'M5'),
(89, 'TER', 'M5'),
(90, 'QUI', 'M5'),
(91, 'TER', 'M5'),
(92, 'QUI', 'M1'),
(93, 'TER', 'N3'),
(94, 'QUI', 'N1'),
(95, 'TER', 'M3'),
(96, 'QUI', 'M5'),
(97, 'SEG', 'N3'),
(98, 'QUI', 'N5'),
(99, 'TER', 'M1'),
(100, 'QUI', 'M1'),
(101, 'SEG', 'M1'),
(102, 'QUA', 'M1'),
(103, 'SEG', 'N3'),
(104, 'QUA', 'N3'),
(105, 'SEG', 'M3'),
(106, 'QUI', 'M3'),
(107, 'SEG', 'N1'),
(108, 'QUA', 'N1'),
(109, 'SEG', 'N3'),
(110, 'QUA', 'N3'),
(111, 'SEG', 'M1'),
(112, 'QUA', 'M1');

-- --------------------------------------------------------

--
-- Table structure for table `aula`
--

CREATE TABLE `aula` (
  `idAula` int(11) NOT NULL,
  `descricao` varchar(45) DEFAULT NULL,
  `comentarios` varchar(45) DEFAULT NULL,
  `ativo` tinyint(1) NOT NULL DEFAULT '1',
  `excluido` tinyint(1) NOT NULL DEFAULT '0',
  `Turma_idTurma` int(11) NOT NULL,
  `Agregacao_idAgregacao` int(11) NOT NULL
) ENGINE=InnoDB DEFAULT CHARSET=utf8;

--
-- Dumping data for table `aula`
--

INSERT INTO `aula` (`idAula`, `descricao`, `comentarios`, `ativo`, `excluido`, `Turma_idTurma`, `Agregacao_idAgregacao`) VALUES
(2, '4ª M5M6', '', 1, 0, 2, 2),
(3, '6ª M3M4', '', 1, 0, 2, 3),
(4, '2ª N3N4', '', 1, 0, 4, 4),
(5, '4ª N3N4', '', 1, 0, 4, 5),
(6, '6ª N3N4', '', 1, 0, 4, 6),
(7, '2ª N3N4', '', 1, 0, 5, 7),
(8, '4ª N3N4', '', 1, 0, 5, 8),
(9, '6ª N3N4', '', 1, 0, 5, 9),
(10, '2ª N1N2', '', 1, 0, 6, 10),
(11, '5ª N1N2', '', 1, 0, 6, 11),
(12, '6ª N5N6', '', 1, 0, 6, 12),
(13, '3ª M1M2', '', 1, 0, 7, 13),
(14, '5ª M1M2', '', 1, 0, 7, 14),
(15, '5ª M5M6 ou 5ª M3M4', '', 1, 0, 7, 15),
(16, '3ª M3M4', '', 1, 0, 8, 16),
(17, '5ª M3M4', '', 1, 0, 8, 17),
(18, '2ª N3N4', '', 1, 0, 9, 18),
(19, '5ª N3N4', '', 1, 0, 9, 19),
(20, '2ª N3N4', '', 1, 0, 11, 20),
(21, '3ª N5', '', 1, 0, 11, 21),
(22, '2ª M3M4', '', 1, 0, 12, 22),
(23, '4ª M3', '', 1, 0, 12, 23),
(24, '4ª M3M4', '', 1, 0, 13, 24),
(25, '6ª M5M6', '', 1, 0, 13, 25),
(26, '4ª M5M6', '', 1, 0, 14, 26),
(27, '6ª M3M4', '', 1, 0, 14, 27),
(28, '2ª N5N6', '', 1, 0, 15, 28),
(29, '4ª N5N6', '', 1, 0, 15, 29),
(30, '3ª N3N4', '', 1, 0, 16, 30),
(31, '5ª N3N4', '', 1, 0, 16, 31),
(32, '3ª M5M6', '', 1, 0, 17, 32),
(33, '5ª M5M6', '', 1, 0, 17, 33),
(34, '4ª M1M2', '', 1, 0, 18, 34),
(35, '6ª M3M4', '', 1, 0, 18, 35),
(36, '3ª N5N6', '', 1, 0, 19, 36),
(37, '4ª N3N4', '', 1, 0, 19, 37),
(38, '4ª N1N2', '', 1, 0, 20, 38),
(39, '6ª N1N2', '', 1, 0, 20, 39),
(40, '2ª M1M2', '', 1, 0, 21, 40),
(41, '4ª M1M2', '', 1, 0, 21, 41),
(42, '6ª M1M2', '', 1, 0, 21, 42),
(43, '2ª M1M2', '', 1, 0, 22, 43),
(44, '4ª M1M2', '', 1, 0, 22, 44),
(45, '6ª M1M2', '', 1, 0, 22, 45),
(46, '3ª N1N2', '', 1, 0, 23, 46),
(47, '5ª N5N6', '', 1, 0, 23, 47),
(48, '2ª M1M2', '', 1, 0, 24, 48),
(49, '6ª M1M2', '', 1, 0, 24, 49),
(50, '3ª M1M2', '', 1, 0, 25, 50),
(51, '5ª M1M2', '', 1, 0, 25, 51),
(52, '2ª N1N2', '', 1, 0, 26, 52),
(53, '4ª N3N4', '', 1, 0, 26, 53),
(54, '6ª N3N4', '', 1, 0, 26, 54),
(55, '4ª N5N6', '', 1, 0, 27, 55),
(56, '6ª N1N2', '', 1, 0, 27, 56),
(57, '6ª N1N4', '', 1, 0, 28, 57),
(58, '4ª M3M4', '', 1, 0, 29, 58),
(59, '5ª M3M4', '', 1, 0, 29, 59),
(60, '2ª M3M4', '', 1, 0, 30, 60),
(61, '4ª M3M4', '', 1, 0, 30, 61),
(62, '3ª N1N2', '', 1, 0, 31, 62),
(63, '5ª N1N2', '', 1, 0, 31, 63),
(64, '3ª M3M4', '', 1, 0, 32, 64),
(65, '6ª M1M2', '', 1, 0, 32, 65),
(66, '3ª M1M2', '', 1, 0, 33, 66),
(67, '5ª M1M2', '', 1, 0, 33, 67),
(68, '2ª M3M6', '', 1, 0, 34, 68),
(69, '2ª M5M6', '', 1, 1, 34, 69),
(70, '5ª M5M6', '', 1, 0, 34, 70),
(71, '2ª M3M6', '', 1, 0, 35, 71),
(72, '5ª M5M6', '', 1, 0, 35, 72),
(73, '2ª N1N2', '', 1, 0, 36, 73),
(74, '5ª N1N4', '', 1, 0, 36, 74),
(75, '4ª M3M4', '', 1, 0, 37, 75),
(76, '6ª M5M6', '', 1, 0, 37, 76),
(77, '3ª M3M4', '', 1, 0, 38, 77),
(78, '5ª M3M4', '', 1, 0, 38, 78),
(79, '4ª N1N2', '', 1, 0, 39, 79),
(80, '5ª N5N6', '', 1, 0, 39, 80),
(81, '2ª M3M4', '', 1, 0, 40, 81),
(82, '3ª M5M6', '', 1, 0, 40, 82),
(83, '3ª N1N2', '', 1, 0, 41, 83),
(84, '5ª N1N2', '', 1, 0, 41, 84),
(85, '3ª N3N4', '', 1, 0, 42, 85),
(86, '5ª N3N4', '', 1, 0, 42, 86),
(87, '2ª M5M6', '', 1, 0, 43, 87),
(88, '4ª M5M6', '', 1, 0, 43, 88),
(89, '3ª M5M6', '', 1, 0, 44, 89),
(90, '5ª M5M6', '', 1, 0, 44, 90),
(91, '3ª M5M6', '', 1, 0, 45, 91),
(92, '5ª M1M2', '', 1, 0, 45, 92),
(93, '3ª N3N4', '', 1, 0, 46, 93),
(94, '5ª N1N2 ', '', 1, 0, 46, 94),
(95, '3ª M3M4', '', 1, 0, 47, 95),
(96, '5ª M5M6', '', 1, 0, 47, 96),
(97, '2ª N3N4', '', 1, 0, 48, 97),
(98, '5ª N5N6', '', 1, 0, 48, 98),
(99, '3ª M1M2', '', 1, 0, 49, 99),
(100, '5ª M1M2', '', 1, 0, 49, 100),
(101, '2ª M1M2', '', 1, 0, 50, 101),
(102, '4ª M1M2', '', 1, 0, 50, 102),
(103, '2ª N3N4', '', 1, 0, 51, 103),
(104, '4ª N3N4', '', 1, 0, 51, 104),
(105, '2ª M3M4', '', 1, 0, 52, 105),
(106, '5ª M3M4', '', 1, 0, 52, 106),
(107, '2ª N1N2', '', 1, 0, 53, 107),
(108, '4ª N1N2', '', 1, 0, 53, 108),
(109, '2ª N3N4', '', 1, 0, 54, 109),
(110, '4ª N3N4', '', 1, 0, 54, 110),
(111, '2ª M1M2', '', 1, 0, 55, 111),
(112, '4ª M1M2', '', 1, 0, 55, 112);

-- --------------------------------------------------------

--
-- Table structure for table `curso`
--

CREATE TABLE `curso` (
  `idCurso` int(11) NOT NULL,
  `nome` varchar(255) DEFAULT NULL,
  `descricao` varchar(255) DEFAULT NULL,
  `ativo` tinyint(1) NOT NULL DEFAULT '1',
  `excluido` tinyint(1) NOT NULL DEFAULT '0',
  `Instituto_idInstituto` int(11) NOT NULL
) ENGINE=InnoDB DEFAULT CHARSET=utf8;

--
-- Dumping data for table `curso`
--

INSERT INTO `curso` (`idCurso`, `nome`, `descricao`, `ativo`, `excluido`, `Instituto_idInstituto`) VALUES
(1, 'Ciência da Computação', '', 1, 0, 1),
(2, 'Matemática', '', 1, 0, 1),
(3, 'Estatística', '', 1, 0, 1),
(4, 'Ciências Atuariais', '', 1, 0, 1);

-- --------------------------------------------------------

--
-- Table structure for table `departamento`
--

CREATE TABLE `departamento` (
  `idDepartamento` int(11) NOT NULL,
  `nome` varchar(255) NOT NULL,
  `ativo` tinyint(1) NOT NULL DEFAULT '1',
  `excluido` tinyint(1) NOT NULL DEFAULT '0',
  `Instituto_idInstituto` int(11) NOT NULL
) ENGINE=InnoDB DEFAULT CHARSET=utf8;

--
-- Dumping data for table `departamento`
--

INSERT INTO `departamento` (`idDepartamento`, `nome`, `ativo`, `excluido`, `Instituto_idInstituto`) VALUES
(2, 'Departamento de Análise Matemática', 1, 0, 1),
(3, 'Departamento de Estruturas Matemáticas', 1, 0, 1),
(4, 'Departamento de Informática e Ciências da Computação', 1, 0, 1),
(5, 'Departamento de Estatística', 1, 0, 1),
(6, 'Departamento de Matemática Aplicada', 1, 0, 1),
(7, 'Departamento de Geometria e Representação Gráfica', 1, 0, 1);

-- --------------------------------------------------------

--
-- Table structure for table `disciplina`
--

CREATE TABLE `disciplina` (
  `idDisciplina` int(11) NOT NULL,
  `nome` varchar(45) NOT NULL,
  `codigo` varchar(45) NOT NULL,
  `descricao` varchar(45) DEFAULT NULL,
  `carga_horaria` varchar(45) NOT NULL,
  `ativo` tinyint(1) NOT NULL DEFAULT '1',
  `excluido` tinyint(1) NOT NULL DEFAULT '0',
  `Departamento_idDepartamento` int(11) NOT NULL
) ENGINE=InnoDB DEFAULT CHARSET=utf8;

--
-- Dumping data for table `disciplina`
--

INSERT INTO `disciplina` (`idDisciplina`, `nome`, `codigo`, `descricao`, `carga_horaria`, `ativo`, `excluido`, `Departamento_idDepartamento`) VALUES
(2, 'Geometria Analítica', 'IME03-10814 ', '', '60', 1, 0, 7),
(3, 'Cálculo I', 'IME 01-04827 ', '', '90', 1, 0, 2),
(4, 'Álgebra', 'IME02-10815 ', '', '60', 1, 0, 3),
(5, 'Matemática Discreta', 'IME06-10816 ', '', '60', 1, 0, 6),
(6, 'Fundamentos da Computação', 'IME04-10817 ', '', '90', 1, 0, 4),
(7, 'Álgebra Linear', 'IME02-10818 ', '', '90', 1, 0, 3),
(8, 'Cálculo II', 'IME 01-04884 ', '', '60', 1, 0, 2),
(9, 'Cálculo das Probabilidades', 'IME05-10819 ', '', '60', 1, 0, 4),
(10, 'Linguagem de Programação I', 'IME04-10821 ', '', '60', 1, 0, 4),
(11, 'Algoritmos e Est. de Dados I', 'IME04-10820 ', '', '90', 1, 0, 4),
(12, 'Cálculo III', 'IME 01-06767', '', '60', 1, 0, 2),
(13, 'Algoritmos e Est. de Dados II', 'IME04-10823 ', '', '60', 1, 0, 4),
(14, 'Elementos de Lógica', 'IME02-10824 ', '', '60', 1, 0, 3),
(15, 'Linguagem de Programação II', 'IME04-10825 ', '', '60', 1, 0, 4),
(16, 'Teoria da Computação', 'IME04-10826 ', '', '60', 1, 0, 4),
(17, 'Cálculo Numérico', 'IME06-10827 ', '', '60', 1, 0, 6),
(18, 'Cálculo IV', 'IME01-10828 ', '', '90', 1, 0, 2),
(19, 'Algoritmos em Grafos', 'IME04-11311 ', '', '45', 1, 0, 4),
(20, 'Engenharia de Software', 'IME04-10830 ', '', '60', 1, 0, 4),
(21, 'Arquitetura de Computadores I', 'IME04-10831 ', '', '60', 1, 0, 4),
(22, 'Estruturas de Linguagens', 'IME04-10834 ', '', '60', 1, 0, 4),
(23, 'Banco de Dados I', 'IME04-10832 ', '', '60', 1, 0, 4),
(24, 'Análise e Projeto de Sistemas', 'IME04-10833 ', '', '60', 1, 0, 4),
(25, 'Sistemas Operacionais I', 'IME04-10835 ', '', '60', 1, 0, 4),
(26, 'Arquitetura de Computadores II', 'IME04-10836 ', '', '60', 1, 0, 4),
(27, 'Otimização em Grafos', 'IME06-11312 ', '', '45', 1, 0, 4),
(28, 'Otimização Combinatória', 'IME06-10837 ', '', '60', 1, 0, 4),
(29, 'Banco de Dados II', 'IME04-10838 ', '', '60', 1, 0, 4),
(30, 'Interfaces Humano-Computador', 'IME04-10839 ', '', '60', 1, 0, 4),
(31, 'Sistemas Operacionais II', ' IME04-10840 ', '', '60', 1, 0, 4),
(32, 'Compiladores', 'IME04-10841 ', '', '60', 1, 0, 4),
(33, 'Computação Gráfica', 'IME04-10842 ', '', '60', 1, 0, 4),
(34, 'Inteligência Artificial', 'IME04-10843 ', '', '60', 1, 0, 4),
(35, 'Ética, Computadores e Sociedade', 'IME04-10844 ', '', '60', 1, 0, 4),
(36, 'Metodologia Científica no Projeto Final', 'IME04-10845 ', '', '60', 1, 0, 4),
(37, 'Redes de Computadores I', 'IME04-10846 ', '', '60', 1, 0, 4),
(38, 'Arquitetura Avançadas de Computadores', 'IME04-10847 ', '', '60', 1, 0, 4),
(39, 'Sistemas Distribuídos', 'IME04-10849 ', '', '60', 1, 0, 4);

-- --------------------------------------------------------

--
-- Table structure for table `disciplina_curso`
--

CREATE TABLE `disciplina_curso` (
  `Disciplina_idDisciplina` int(11) NOT NULL,
  `Curso_idCurso` int(11) NOT NULL,
  `periodo` int(11) NOT NULL
) ENGINE=InnoDB DEFAULT CHARSET=utf8;

--
-- Dumping data for table `disciplina_curso`
--

INSERT INTO `disciplina_curso` (`Disciplina_idDisciplina`, `Curso_idCurso`, `periodo`) VALUES
(2, 1, 1),
(3, 1, 1),
(3, 4, 1),
(4, 1, 1),
(5, 1, 1),
(6, 1, 1),
(7, 1, 2),
(8, 1, 2),
(9, 1, 2),
(10, 1, 2),
(11, 1, 2),
(12, 1, 3),
(13, 1, 3),
(14, 1, 3),
(15, 1, 3),
(16, 1, 3),
(17, 1, 4),
(18, 1, 4),
(19, 1, 4),
(20, 1, 4),
(21, 1, 4),
(22, 1, 5),
(23, 1, 5),
(24, 1, 5),
(25, 1, 5),
(26, 1, 5),
(27, 1, 5),
(28, 1, 6),
(29, 1, 6),
(30, 1, 6),
(31, 1, 6),
(32, 1, 6),
(33, 1, 7),
(34, 1, 7),
(35, 1, 7),
(36, 1, 7),
(37, 1, 7),
(38, 1, 7),
(39, 1, 8);

-- --------------------------------------------------------

--
-- Table structure for table `instituto`
--

CREATE TABLE `instituto` (
  `idInstituto` int(11) NOT NULL,
  `nome` varchar(255) DEFAULT NULL,
  `ativo` tinyint(1) NOT NULL DEFAULT '1',
  `excluido` tinyint(1) NOT NULL DEFAULT '0'
) ENGINE=InnoDB DEFAULT CHARSET=utf8;

--
-- Dumping data for table `instituto`
--

INSERT INTO `instituto` (`idInstituto`, `nome`, `ativo`, `excluido`) VALUES
(1, 'IME - Instituto de Matemática e Estatística', 1, 0);

-- --------------------------------------------------------

--
-- Table structure for table `professor`
--

CREATE TABLE `professor` (
  `idProfessor` int(11) NOT NULL,
  `nome` varchar(255) DEFAULT NULL,
  `ativo` tinyint(1) NOT NULL DEFAULT '1',
  `excluido` tinyint(1) NOT NULL DEFAULT '0',
  `Instituto_idInstituto` int(11) NOT NULL
) ENGINE=InnoDB DEFAULT CHARSET=utf8;

--
-- Dumping data for table `professor`
--

INSERT INTO `professor` (`idProfessor`, `nome`, `ativo`, `excluido`, `Instituto_idInstituto`) VALUES
(1, 'Sajad Salami', 1, 0, 1),
(2, 'Alejandro', 1, 0, 1),
(3, 'Claudio Plinio', 1, 0, 1),
(4, 'Igor Machado', 1, 0, 1),
(5, 'Paulo Eustáquio', 1, 0, 1),
(6, 'Fabiano Oliveira', 1, 0, 1),
(7, 'Luérbio Faria', 1, 0, 1),
(8, 'Maria Clícia', 1, 0, 1),
(9, 'Roseli Wedemann', 1, 0, 1),
(10, 'Alexandre Nery', 1, 0, 1),
(11, 'Leandro Marzulo', 1, 0, 1),
(12, 'Ana Carolina', 1, 0, 1),
(13, 'Tiago Alves', 1, 0, 1),
(14, 'Gilson', 1, 0, 1),
(15, 'Antônio Pádua', 1, 0, 1),
(16, 'Alexandre Rojas', 1, 0, 1),
(17, 'Alexandre Sena', 1, 0, 1),
(18, 'Ritto', 1, 0, 1),
(19, 'Rosa Maria', 1, 0, 1),
(20, 'Nayat Sanchez', 1, 0, 1),
(21, 'Sérgio Kostin', 1, 0, 1),
(22, 'Guilherme Mota', 1, 0, 1),
(23, 'Alexandre Stajnberg', 1, 0, 1),
(24, 'Hugo Carvalho', 1, 0, 1),
(25, 'Luiz Carlos', 1, 0, 1),
(26, 'Cristiane Oliveira', 1, 0, 1),
(27, 'Francisco de Lima', 1, 0, 1),
(28, 'Nasim', 1, 0, 1),
(29, 'Cláudia Calc3', 1, 0, 1),
(30, 'André Luiz', 1, 0, 1),
(31, 'Christina', 1, 0, 1),
(32, 'Francisco Est.', 1, 0, 1),
(33, 'Gabriel Castro', 1, 0, 1),
(34, 'Antônio Tonnesen', 1, 0, 1),
(35, 'Eduardo Galúcio', 1, 0, 1),
(36, 'Sueli Cunha', 1, 0, 1),
(37, 'Diana Sasaki', 1, 0, 1);

-- --------------------------------------------------------

--
-- Table structure for table `recurso`
--

CREATE TABLE `recurso` (
  `idRecurso` int(11) NOT NULL,
  `descricao` varchar(45) DEFAULT NULL,
  `ativo` tinyint(1) NOT NULL DEFAULT '1',
  `excluido` tinyint(1) NOT NULL DEFAULT '0'
) ENGINE=InnoDB DEFAULT CHARSET=utf8;

--
-- Dumping data for table `recurso`
--

INSERT INTO `recurso` (`idRecurso`, `descricao`, `ativo`, `excluido`) VALUES
(2, 'Ar-Condicionado', 1, 0),
(3, 'Computador', 1, 0),
(4, 'Quadro Branco', 1, 0),
(5, 'Quadro Negro', 1, 0),
(6, 'Quadro Inteligente', 1, 0),
(7, 'Projetor', 1, 0),
(8, 'Sistema Operacional Windows', 1, 0),
(9, 'Sistema Operacional Linux', 1, 0),
(10, 'Computador para Professor', 1, 0);

-- --------------------------------------------------------

--
-- Table structure for table `restricoes`
--

CREATE TABLE `restricoes` (
  `codRestricao` varchar(50) NOT NULL,
  `descricao` varchar(255) DEFAULT NULL,
  `ordem` int(11) DEFAULT NULL
) ENGINE=InnoDB DEFAULT CHARSET=utf8;

--
-- Dumping data for table `restricoes`
--

INSERT INTO `restricoes` (`codRestricao`, `descricao`, `ordem`) VALUES
('CAP', 'Aulas devem, preferencialmente, ser alocadas em salas com capacidade igual ou o mais próximo possível da sua necessidade. O mesmo vale para todas as outras restrições', 6),
('INTERVLIMP', 'Gerar intervalos entre aulas na mesma sala para dar tempo de limpeza', 8),
('MSMPERIODO', 'Aulas de turmas do mesmo período de um mesmo curso devem ser na mesma sala', 3),
('MSMPROF', 'Aulas do mesmo professor devem ser na mesma sala', 5),
('RECALTNECE', 'Recurso Altamente Necessário', 1),
('RECDISP', 'Recurso Dispensável', 7),
('RECNECE', 'Recurso Necessário', 2),
('SALAPROX', 'Aulas sequenciais de turmas do mesmo período devem, preferencialmente, serem alocadas na mesma sala ou em salas próximas, evitando o deslocamento em grandes distâncias.', 4);

-- --------------------------------------------------------

--
-- Table structure for table `sala`
--

CREATE TABLE `sala` (
  `idSala` int(11) NOT NULL,
  `descricao` varchar(45) NOT NULL,
  `numero` int(11) NOT NULL,
  `capacidade` int(11) NOT NULL,
  `ativo` tinyint(1) NOT NULL DEFAULT '1',
  `excluido` tinyint(1) NOT NULL DEFAULT '0',
  `Instituto_idInstituto` int(11) NOT NULL
) ENGINE=InnoDB DEFAULT CHARSET=utf8;

--
-- Dumping data for table `sala`
--

INSERT INTO `sala` (`idSala`, `descricao`, `numero`, `capacidade`, `ativo`, `excluido`, `Instituto_idInstituto`) VALUES
(9, '6001-A', 6001, 10, 1, 0, 1),
(10, '6002-A', 6002, 10, 1, 0, 1),
(11, '6005-A', 6005, 5, 1, 0, 1),
(12, '6006-A', 6006, 40, 1, 0, 1),
(13, '6007-A', 6007, 5, 1, 0, 1),
(14, '6016-A', 6016, 4, 1, 0, 1),
(15, '6018-A', 6018, 2, 1, 0, 1),
(16, '6019-A', 6019, 40, 1, 0, 1),
(17, '6020-A', 6020, 5, 1, 0, 1),
(18, '6023-A', 6023, 10, 1, 0, 1),
(19, '6026-A', 6026, 10, 1, 0, 1),
(20, '6029-A', 6029, 20, 1, 0, 1),
(21, '6030-A', 6030, 20, 1, 0, 1),
(22, '6033-A', 6033, 20, 1, 0, 1),
(23, '6105-1 F', 6105, 40, 1, 0, 1),
(24, '6105-2 F', 6105, 50, 1, 0, 1),
(25, '6105-3 F', 6105, 50, 1, 0, 1),
(26, '6105-4 F', 6105, 50, 1, 0, 1),
(27, '6107-2 F', 6107, 50, 1, 0, 1),
(28, '6134-F', 6134, 57, 1, 0, 1),
(29, '6142-F', 6142, 40, 1, 0, 1),
(30, '6145-2 F', 6145, 40, 1, 0, 1),
(31, '6058', 6058, 60, 1, 0, 1),
(32, '6016', 6016, 50, 1, 0, 1),
(33, '6032', 6032, 50, 1, 0, 1),
(34, '6096', 6096, 50, 1, 0, 1),
(35, '6038', 6038, 40, 1, 0, 1),
(36, '6005', 6005, 50, 1, 0, 1),
(37, '6050', 6050, 50, 1, 0, 1),
(38, '6058', 6058, 50, 1, 0, 1),
(39, '6107-2', 6107, 50, 1, 0, 1),
(40, '6131', 6131, 50, 1, 0, 1),
(41, '6015', 6015, 50, 1, 0, 1),
(42, '6053', 6053, 50, 1, 0, 1),
(43, '6118', 6118, 40, 1, 0, 1),
(44, '6093', 6093, 50, 1, 0, 1);

-- --------------------------------------------------------

--
-- Table structure for table `sala_recurso`
--

CREATE TABLE `sala_recurso` (
  `Sala_idSala` int(11) NOT NULL,
  `Recurso_idRecurso` int(11) NOT NULL,
  `quantidade` int(11) NOT NULL
) ENGINE=InnoDB DEFAULT CHARSET=utf8;

--
-- Dumping data for table `sala_recurso`
--

INSERT INTO `sala_recurso` (`Sala_idSala`, `Recurso_idRecurso`, `quantidade`) VALUES
(9, 2, 1),
(9, 3, 4),
(10, 2, 1),
(11, 2, 1),
(11, 3, 2),
(12, 2, 1),
(12, 3, 30),
(12, 4, 1),
(12, 7, 1),
(12, 10, 1),
(13, 2, 1),
(13, 3, 3),
(14, 2, 1),
(14, 3, 4),
(15, 2, 1),
(15, 3, 2),
(16, 2, 1),
(16, 3, 18),
(16, 4, 1),
(16, 7, 1),
(16, 8, 1),
(16, 9, 1),
(16, 10, 1),
(17, 2, 1),
(17, 3, 3),
(18, 2, 1),
(18, 3, 3),
(19, 2, 1),
(19, 3, 5),
(20, 2, 1),
(20, 3, 14),
(20, 4, 1),
(20, 7, 1),
(20, 8, 1),
(20, 9, 1),
(20, 10, 1),
(21, 2, 1),
(21, 3, 14),
(21, 4, 1),
(21, 7, 1),
(21, 8, 1),
(21, 10, 1),
(22, 2, 1),
(22, 3, 14),
(22, 4, 1),
(22, 8, 1),
(22, 10, 1),
(23, 2, 1),
(23, 4, 1),
(23, 7, 1),
(23, 10, 1),
(24, 2, 1),
(24, 4, 1),
(24, 7, 1),
(24, 10, 1),
(25, 2, 1),
(25, 4, 1),
(25, 7, 1),
(25, 10, 1),
(26, 2, 1),
(26, 4, 1),
(26, 7, 1),
(26, 10, 1),
(27, 2, 1),
(27, 4, 1),
(27, 7, 1),
(27, 10, 1),
(28, 2, 1),
(28, 4, 1),
(28, 7, 1),
(28, 9, 1),
(28, 10, 1),
(29, 2, 1),
(29, 3, 40),
(29, 4, 1),
(29, 7, 1),
(29, 8, 1),
(29, 9, 1),
(29, 10, 1),
(30, 2, 1),
(30, 3, 29),
(30, 4, 1),
(30, 7, 1),
(30, 8, 1),
(30, 9, 1),
(30, 10, 1),
(40, 2, 1),
(40, 4, 1),
(40, 6, 1),
(40, 7, 1),
(40, 10, 1);

-- --------------------------------------------------------

--
-- Table structure for table `sala_tempoaula`
--

CREATE TABLE `sala_tempoaula` (
  `Sala_idSala` int(11) NOT NULL,
  `TempoAula_dia` varchar(3) NOT NULL,
  `TempoAula_horario` varchar(2) NOT NULL
) ENGINE=InnoDB DEFAULT CHARSET=utf8;

--
-- Dumping data for table `sala_tempoaula`
--

INSERT INTO `sala_tempoaula` (`Sala_idSala`, `TempoAula_dia`, `TempoAula_horario`) VALUES
(9, 'QUA', 'M1'),
(9, 'QUA', 'M2'),
(9, 'QUA', 'M3'),
(9, 'QUA', 'M4'),
(9, 'QUA', 'M5'),
(9, 'QUA', 'M6'),
(9, 'QUA', 'N1'),
(9, 'QUA', 'N2'),
(9, 'QUA', 'N3'),
(9, 'QUA', 'N4'),
(9, 'QUA', 'N5'),
(9, 'QUA', 'N6'),
(9, 'QUA', 'T1'),
(9, 'QUA', 'T2'),
(9, 'QUA', 'T3'),
(9, 'QUA', 'T4'),
(9, 'QUA', 'T5'),
(9, 'QUA', 'T6'),
(9, 'QUI', 'M1'),
(9, 'QUI', 'M2'),
(9, 'QUI', 'M3'),
(9, 'QUI', 'M4'),
(9, 'QUI', 'M5'),
(9, 'QUI', 'M6'),
(9, 'QUI', 'N1'),
(9, 'QUI', 'N2'),
(9, 'QUI', 'N3'),
(9, 'QUI', 'N4'),
(9, 'QUI', 'N5'),
(9, 'QUI', 'N6'),
(9, 'QUI', 'T1'),
(9, 'QUI', 'T2'),
(9, 'QUI', 'T3'),
(9, 'QUI', 'T4'),
(9, 'QUI', 'T5'),
(9, 'QUI', 'T6'),
(9, 'SAB', 'M1'),
(9, 'SAB', 'M2'),
(9, 'SAB', 'M3'),
(9, 'SAB', 'M4'),
(9, 'SAB', 'M5'),
(9, 'SAB', 'M6'),
(9, 'SEG', 'M1'),
(9, 'SEG', 'M2'),
(9, 'SEG', 'M3'),
(9, 'SEG', 'M4'),
(9, 'SEG', 'M5'),
(9, 'SEG', 'M6'),
(9, 'SEG', 'N1'),
(9, 'SEG', 'N2'),
(9, 'SEG', 'N3'),
(9, 'SEG', 'N4'),
(9, 'SEG', 'N5'),
(9, 'SEG', 'N6'),
(9, 'SEG', 'T1'),
(9, 'SEG', 'T2'),
(9, 'SEG', 'T3'),
(9, 'SEG', 'T4'),
(9, 'SEG', 'T5'),
(9, 'SEG', 'T6'),
(9, 'SEX', 'M1'),
(9, 'SEX', 'M2'),
(9, 'SEX', 'M3'),
(9, 'SEX', 'M4'),
(9, 'SEX', 'M5'),
(9, 'SEX', 'M6'),
(9, 'SEX', 'N1'),
(9, 'SEX', 'N2'),
(9, 'SEX', 'N3'),
(9, 'SEX', 'N4'),
(9, 'SEX', 'N5'),
(9, 'SEX', 'N6'),
(9, 'SEX', 'T1'),
(9, 'SEX', 'T2'),
(9, 'SEX', 'T3'),
(9, 'SEX', 'T4'),
(9, 'SEX', 'T5'),
(9, 'SEX', 'T6'),
(9, 'TER', 'M1'),
(9, 'TER', 'M2'),
(9, 'TER', 'M3'),
(9, 'TER', 'M4'),
(9, 'TER', 'M5'),
(9, 'TER', 'M6'),
(9, 'TER', 'N1'),
(9, 'TER', 'N2'),
(9, 'TER', 'N3'),
(9, 'TER', 'N4'),
(9, 'TER', 'N5'),
(9, 'TER', 'N6'),
(9, 'TER', 'T1'),
(9, 'TER', 'T2'),
(9, 'TER', 'T3'),
(9, 'TER', 'T4'),
(9, 'TER', 'T5'),
(9, 'TER', 'T6'),
(10, 'QUA', 'M1'),
(10, 'QUA', 'M2'),
(10, 'QUA', 'M3'),
(10, 'QUA', 'M4'),
(10, 'QUA', 'M5'),
(10, 'QUA', 'M6'),
(10, 'QUA', 'N1'),
(10, 'QUA', 'N2'),
(10, 'QUA', 'N3'),
(10, 'QUA', 'N4'),
(10, 'QUA', 'N5'),
(10, 'QUA', 'N6'),
(10, 'QUA', 'T1'),
(10, 'QUA', 'T2'),
(10, 'QUA', 'T3'),
(10, 'QUA', 'T4'),
(10, 'QUA', 'T5'),
(10, 'QUA', 'T6'),
(10, 'QUI', 'M1'),
(10, 'QUI', 'M2'),
(10, 'QUI', 'M3'),
(10, 'QUI', 'M4'),
(10, 'QUI', 'M5'),
(10, 'QUI', 'M6'),
(10, 'QUI', 'N1'),
(10, 'QUI', 'N2'),
(10, 'QUI', 'N3'),
(10, 'QUI', 'N4'),
(10, 'QUI', 'N5'),
(10, 'QUI', 'N6'),
(10, 'QUI', 'T1'),
(10, 'QUI', 'T2'),
(10, 'QUI', 'T3'),
(10, 'QUI', 'T4'),
(10, 'QUI', 'T5'),
(10, 'QUI', 'T6'),
(10, 'SAB', 'M1'),
(10, 'SAB', 'M2'),
(10, 'SAB', 'M3'),
(10, 'SAB', 'M4'),
(10, 'SAB', 'M5'),
(10, 'SAB', 'M6'),
(10, 'SEG', 'M1'),
(10, 'SEG', 'M2'),
(10, 'SEG', 'M3'),
(10, 'SEG', 'M4'),
(10, 'SEG', 'M5'),
(10, 'SEG', 'M6'),
(10, 'SEG', 'N1'),
(10, 'SEG', 'N2'),
(10, 'SEG', 'N3'),
(10, 'SEG', 'N4'),
(10, 'SEG', 'N5'),
(10, 'SEG', 'N6'),
(10, 'SEG', 'T1'),
(10, 'SEG', 'T2'),
(10, 'SEG', 'T3'),
(10, 'SEG', 'T4'),
(10, 'SEG', 'T5'),
(10, 'SEG', 'T6'),
(10, 'SEX', 'M1'),
(10, 'SEX', 'M2'),
(10, 'SEX', 'M3'),
(10, 'SEX', 'M4'),
(10, 'SEX', 'M5'),
(10, 'SEX', 'M6'),
(10, 'SEX', 'N1'),
(10, 'SEX', 'N2'),
(10, 'SEX', 'N3'),
(10, 'SEX', 'N4'),
(10, 'SEX', 'N5'),
(10, 'SEX', 'N6'),
(10, 'SEX', 'T1'),
(10, 'SEX', 'T2'),
(10, 'SEX', 'T3'),
(10, 'SEX', 'T4'),
(10, 'SEX', 'T5'),
(10, 'SEX', 'T6'),
(10, 'TER', 'M1'),
(10, 'TER', 'M2'),
(10, 'TER', 'M3'),
(10, 'TER', 'M4'),
(10, 'TER', 'M5'),
(10, 'TER', 'M6'),
(10, 'TER', 'N1'),
(10, 'TER', 'N2'),
(10, 'TER', 'N3'),
(10, 'TER', 'N4'),
(10, 'TER', 'N5'),
(10, 'TER', 'N6'),
(10, 'TER', 'T1'),
(10, 'TER', 'T2'),
(10, 'TER', 'T3'),
(10, 'TER', 'T4'),
(10, 'TER', 'T5'),
(10, 'TER', 'T6'),
(11, 'QUA', 'M1'),
(11, 'QUA', 'M2'),
(11, 'QUA', 'M3'),
(11, 'QUA', 'M4'),
(11, 'QUA', 'M5'),
(11, 'QUA', 'M6'),
(11, 'QUA', 'N1'),
(11, 'QUA', 'N2'),
(11, 'QUA', 'N3'),
(11, 'QUA', 'N4'),
(11, 'QUA', 'N5'),
(11, 'QUA', 'N6'),
(11, 'QUA', 'T1'),
(11, 'QUA', 'T2'),
(11, 'QUA', 'T3'),
(11, 'QUA', 'T4'),
(11, 'QUA', 'T5'),
(11, 'QUA', 'T6'),
(11, 'QUI', 'M1'),
(11, 'QUI', 'M2'),
(11, 'QUI', 'M3'),
(11, 'QUI', 'M4'),
(11, 'QUI', 'M5'),
(11, 'QUI', 'M6'),
(11, 'QUI', 'N1'),
(11, 'QUI', 'N2'),
(11, 'QUI', 'N3'),
(11, 'QUI', 'N4'),
(11, 'QUI', 'N5'),
(11, 'QUI', 'N6'),
(11, 'QUI', 'T1'),
(11, 'QUI', 'T2'),
(11, 'QUI', 'T3'),
(11, 'QUI', 'T4'),
(11, 'QUI', 'T5'),
(11, 'QUI', 'T6'),
(11, 'SAB', 'M1'),
(11, 'SAB', 'M2'),
(11, 'SAB', 'M3'),
(11, 'SAB', 'M4'),
(11, 'SAB', 'M5'),
(11, 'SAB', 'M6'),
(11, 'SEG', 'M1'),
(11, 'SEG', 'M2'),
(11, 'SEG', 'M3'),
(11, 'SEG', 'M4'),
(11, 'SEG', 'M5'),
(11, 'SEG', 'M6'),
(11, 'SEG', 'N1'),
(11, 'SEG', 'N2'),
(11, 'SEG', 'N3'),
(11, 'SEG', 'N4'),
(11, 'SEG', 'N5'),
(11, 'SEG', 'N6'),
(11, 'SEG', 'T1'),
(11, 'SEG', 'T2'),
(11, 'SEG', 'T3'),
(11, 'SEG', 'T4'),
(11, 'SEG', 'T5'),
(11, 'SEG', 'T6'),
(11, 'SEX', 'M1'),
(11, 'SEX', 'M2'),
(11, 'SEX', 'M3'),
(11, 'SEX', 'M4'),
(11, 'SEX', 'M5'),
(11, 'SEX', 'M6'),
(11, 'SEX', 'N1'),
(11, 'SEX', 'N2'),
(11, 'SEX', 'N3'),
(11, 'SEX', 'N4'),
(11, 'SEX', 'N5'),
(11, 'SEX', 'N6'),
(11, 'SEX', 'T1'),
(11, 'SEX', 'T2'),
(11, 'SEX', 'T3'),
(11, 'SEX', 'T4'),
(11, 'SEX', 'T5'),
(11, 'SEX', 'T6'),
(11, 'TER', 'M1'),
(11, 'TER', 'M2'),
(11, 'TER', 'M3'),
(11, 'TER', 'M4'),
(11, 'TER', 'M5'),
(11, 'TER', 'M6'),
(11, 'TER', 'N1'),
(11, 'TER', 'N2'),
(11, 'TER', 'N3'),
(11, 'TER', 'N4'),
(11, 'TER', 'N5'),
(11, 'TER', 'N6'),
(11, 'TER', 'T1'),
(11, 'TER', 'T2'),
(11, 'TER', 'T3'),
(11, 'TER', 'T4'),
(11, 'TER', 'T5'),
(11, 'TER', 'T6'),
(12, 'QUA', 'M1'),
(12, 'QUA', 'M2'),
(12, 'QUA', 'M3'),
(12, 'QUA', 'M4'),
(12, 'QUA', 'M5'),
(12, 'QUA', 'M6'),
(12, 'QUA', 'N1'),
(12, 'QUA', 'N2'),
(12, 'QUA', 'N3'),
(12, 'QUA', 'N4'),
(12, 'QUA', 'N5'),
(12, 'QUA', 'N6'),
(12, 'QUA', 'T1'),
(12, 'QUA', 'T2'),
(12, 'QUA', 'T3'),
(12, 'QUA', 'T4'),
(12, 'QUA', 'T5'),
(12, 'QUA', 'T6'),
(12, 'QUI', 'M1'),
(12, 'QUI', 'M2'),
(12, 'QUI', 'M3'),
(12, 'QUI', 'M4'),
(12, 'QUI', 'M5'),
(12, 'QUI', 'M6'),
(12, 'QUI', 'N1'),
(12, 'QUI', 'N2'),
(12, 'QUI', 'N3'),
(12, 'QUI', 'N4'),
(12, 'QUI', 'N5'),
(12, 'QUI', 'N6'),
(12, 'QUI', 'T1'),
(12, 'QUI', 'T2'),
(12, 'QUI', 'T3'),
(12, 'QUI', 'T4'),
(12, 'QUI', 'T5'),
(12, 'QUI', 'T6'),
(12, 'SAB', 'M1'),
(12, 'SAB', 'M2'),
(12, 'SAB', 'M3'),
(12, 'SAB', 'M4'),
(12, 'SAB', 'M5'),
(12, 'SAB', 'M6'),
(12, 'SEG', 'M1'),
(12, 'SEG', 'M2'),
(12, 'SEG', 'M3'),
(12, 'SEG', 'M4'),
(12, 'SEG', 'M5'),
(12, 'SEG', 'M6'),
(12, 'SEG', 'N1'),
(12, 'SEG', 'N2'),
(12, 'SEG', 'N3'),
(12, 'SEG', 'N4'),
(12, 'SEG', 'N5'),
(12, 'SEG', 'N6'),
(12, 'SEG', 'T1'),
(12, 'SEG', 'T2'),
(12, 'SEG', 'T3'),
(12, 'SEG', 'T4'),
(12, 'SEG', 'T5'),
(12, 'SEG', 'T6'),
(12, 'SEX', 'M1'),
(12, 'SEX', 'M2'),
(12, 'SEX', 'M3'),
(12, 'SEX', 'M4'),
(12, 'SEX', 'M5'),
(12, 'SEX', 'M6'),
(12, 'SEX', 'N1'),
(12, 'SEX', 'N2'),
(12, 'SEX', 'N3'),
(12, 'SEX', 'N4'),
(12, 'SEX', 'N5'),
(12, 'SEX', 'N6'),
(12, 'SEX', 'T1'),
(12, 'SEX', 'T2'),
(12, 'SEX', 'T3'),
(12, 'SEX', 'T4'),
(12, 'SEX', 'T5'),
(12, 'SEX', 'T6'),
(12, 'TER', 'M1'),
(12, 'TER', 'M2'),
(12, 'TER', 'M3'),
(12, 'TER', 'M4'),
(12, 'TER', 'M5'),
(12, 'TER', 'M6'),
(12, 'TER', 'N1'),
(12, 'TER', 'N2'),
(12, 'TER', 'N3'),
(12, 'TER', 'N4'),
(12, 'TER', 'N5'),
(12, 'TER', 'N6'),
(12, 'TER', 'T1'),
(12, 'TER', 'T2'),
(12, 'TER', 'T3'),
(12, 'TER', 'T4'),
(12, 'TER', 'T5'),
(12, 'TER', 'T6'),
(13, 'QUA', 'M1'),
(13, 'QUA', 'M2'),
(13, 'QUA', 'M3'),
(13, 'QUA', 'M4'),
(13, 'QUA', 'M5'),
(13, 'QUA', 'M6'),
(13, 'QUA', 'N1'),
(13, 'QUA', 'N2'),
(13, 'QUA', 'N3'),
(13, 'QUA', 'N4'),
(13, 'QUA', 'N5'),
(13, 'QUA', 'N6'),
(13, 'QUA', 'T1'),
(13, 'QUA', 'T2'),
(13, 'QUA', 'T3'),
(13, 'QUA', 'T4'),
(13, 'QUA', 'T5'),
(13, 'QUA', 'T6'),
(13, 'QUI', 'M1'),
(13, 'QUI', 'M2'),
(13, 'QUI', 'M3'),
(13, 'QUI', 'M4'),
(13, 'QUI', 'M5'),
(13, 'QUI', 'M6'),
(13, 'QUI', 'N1'),
(13, 'QUI', 'N2'),
(13, 'QUI', 'N3'),
(13, 'QUI', 'N4'),
(13, 'QUI', 'N5'),
(13, 'QUI', 'N6'),
(13, 'QUI', 'T1'),
(13, 'QUI', 'T2'),
(13, 'QUI', 'T3'),
(13, 'QUI', 'T4'),
(13, 'QUI', 'T5'),
(13, 'QUI', 'T6'),
(13, 'SAB', 'M1'),
(13, 'SAB', 'M2'),
(13, 'SAB', 'M3'),
(13, 'SAB', 'M4'),
(13, 'SAB', 'M5'),
(13, 'SAB', 'M6'),
(13, 'SEG', 'M1'),
(13, 'SEG', 'M2'),
(13, 'SEG', 'M3'),
(13, 'SEG', 'M4'),
(13, 'SEG', 'M5'),
(13, 'SEG', 'M6'),
(13, 'SEG', 'N1'),
(13, 'SEG', 'N2'),
(13, 'SEG', 'N3'),
(13, 'SEG', 'N4'),
(13, 'SEG', 'N5'),
(13, 'SEG', 'N6'),
(13, 'SEG', 'T1'),
(13, 'SEG', 'T2'),
(13, 'SEG', 'T3'),
(13, 'SEG', 'T4'),
(13, 'SEG', 'T5'),
(13, 'SEG', 'T6'),
(13, 'SEX', 'M1'),
(13, 'SEX', 'M2'),
(13, 'SEX', 'M3'),
(13, 'SEX', 'M4'),
(13, 'SEX', 'M5'),
(13, 'SEX', 'M6'),
(13, 'SEX', 'N1'),
(13, 'SEX', 'N2'),
(13, 'SEX', 'N3'),
(13, 'SEX', 'N4'),
(13, 'SEX', 'N5'),
(13, 'SEX', 'N6'),
(13, 'SEX', 'T1'),
(13, 'SEX', 'T2'),
(13, 'SEX', 'T3'),
(13, 'SEX', 'T4'),
(13, 'SEX', 'T5'),
(13, 'SEX', 'T6'),
(13, 'TER', 'M1'),
(13, 'TER', 'M2'),
(13, 'TER', 'M3'),
(13, 'TER', 'M4'),
(13, 'TER', 'M5'),
(13, 'TER', 'M6'),
(13, 'TER', 'N1'),
(13, 'TER', 'N2'),
(13, 'TER', 'N3'),
(13, 'TER', 'N4'),
(13, 'TER', 'N5'),
(13, 'TER', 'N6'),
(13, 'TER', 'T1'),
(13, 'TER', 'T2'),
(13, 'TER', 'T3'),
(13, 'TER', 'T4'),
(13, 'TER', 'T5'),
(13, 'TER', 'T6'),
(14, 'QUA', 'M1'),
(14, 'QUA', 'M2'),
(14, 'QUA', 'M3'),
(14, 'QUA', 'M4'),
(14, 'QUA', 'M5'),
(14, 'QUA', 'M6'),
(14, 'QUA', 'N1'),
(14, 'QUA', 'N2'),
(14, 'QUA', 'N3'),
(14, 'QUA', 'N4'),
(14, 'QUA', 'N5'),
(14, 'QUA', 'N6'),
(14, 'QUA', 'T1'),
(14, 'QUA', 'T2'),
(14, 'QUA', 'T3'),
(14, 'QUA', 'T4'),
(14, 'QUA', 'T5'),
(14, 'QUA', 'T6'),
(14, 'QUI', 'M1'),
(14, 'QUI', 'M2'),
(14, 'QUI', 'M3'),
(14, 'QUI', 'M4'),
(14, 'QUI', 'M5'),
(14, 'QUI', 'M6'),
(14, 'QUI', 'N1'),
(14, 'QUI', 'N2'),
(14, 'QUI', 'N3'),
(14, 'QUI', 'N4'),
(14, 'QUI', 'N5'),
(14, 'QUI', 'N6'),
(14, 'QUI', 'T1'),
(14, 'QUI', 'T2'),
(14, 'QUI', 'T3'),
(14, 'QUI', 'T4'),
(14, 'QUI', 'T5'),
(14, 'QUI', 'T6'),
(14, 'SAB', 'M1'),
(14, 'SAB', 'M2'),
(14, 'SAB', 'M3'),
(14, 'SAB', 'M4'),
(14, 'SAB', 'M5'),
(14, 'SAB', 'M6'),
(14, 'SEG', 'M1'),
(14, 'SEG', 'M2'),
(14, 'SEG', 'M3'),
(14, 'SEG', 'M4'),
(14, 'SEG', 'M5'),
(14, 'SEG', 'M6'),
(14, 'SEG', 'N1'),
(14, 'SEG', 'N2'),
(14, 'SEG', 'N3'),
(14, 'SEG', 'N4'),
(14, 'SEG', 'N5'),
(14, 'SEG', 'N6'),
(14, 'SEG', 'T1'),
(14, 'SEG', 'T2'),
(14, 'SEG', 'T3'),
(14, 'SEG', 'T4'),
(14, 'SEG', 'T5'),
(14, 'SEG', 'T6'),
(14, 'SEX', 'M1'),
(14, 'SEX', 'M2'),
(14, 'SEX', 'M3'),
(14, 'SEX', 'M4'),
(14, 'SEX', 'M5'),
(14, 'SEX', 'M6'),
(14, 'SEX', 'N1'),
(14, 'SEX', 'N2'),
(14, 'SEX', 'N3'),
(14, 'SEX', 'N4'),
(14, 'SEX', 'N5'),
(14, 'SEX', 'N6'),
(14, 'SEX', 'T1'),
(14, 'SEX', 'T2'),
(14, 'SEX', 'T3'),
(14, 'SEX', 'T4'),
(14, 'SEX', 'T5'),
(14, 'SEX', 'T6'),
(14, 'TER', 'M1'),
(14, 'TER', 'M2'),
(14, 'TER', 'M3'),
(14, 'TER', 'M4'),
(14, 'TER', 'M5'),
(14, 'TER', 'M6'),
(14, 'TER', 'N1'),
(14, 'TER', 'N2'),
(14, 'TER', 'N3'),
(14, 'TER', 'N4'),
(14, 'TER', 'N5'),
(14, 'TER', 'N6'),
(14, 'TER', 'T1'),
(14, 'TER', 'T2'),
(14, 'TER', 'T3'),
(14, 'TER', 'T4'),
(14, 'TER', 'T5'),
(14, 'TER', 'T6'),
(15, 'QUA', 'M1'),
(15, 'QUA', 'M2'),
(15, 'QUA', 'M3'),
(15, 'QUA', 'M4'),
(15, 'QUA', 'M5'),
(15, 'QUA', 'M6'),
(15, 'QUA', 'N1'),
(15, 'QUA', 'N2'),
(15, 'QUA', 'N3'),
(15, 'QUA', 'N4'),
(15, 'QUA', 'N5'),
(15, 'QUA', 'N6'),
(15, 'QUA', 'T1'),
(15, 'QUA', 'T2'),
(15, 'QUA', 'T3'),
(15, 'QUA', 'T4'),
(15, 'QUA', 'T5'),
(15, 'QUA', 'T6'),
(15, 'QUI', 'M1'),
(15, 'QUI', 'M2'),
(15, 'QUI', 'M3'),
(15, 'QUI', 'M4'),
(15, 'QUI', 'M5'),
(15, 'QUI', 'M6'),
(15, 'QUI', 'N1'),
(15, 'QUI', 'N2'),
(15, 'QUI', 'N3'),
(15, 'QUI', 'N4'),
(15, 'QUI', 'N5'),
(15, 'QUI', 'N6'),
(15, 'QUI', 'T1'),
(15, 'QUI', 'T2'),
(15, 'QUI', 'T3'),
(15, 'QUI', 'T4'),
(15, 'QUI', 'T5'),
(15, 'QUI', 'T6'),
(15, 'SAB', 'M1'),
(15, 'SAB', 'M2'),
(15, 'SAB', 'M3'),
(15, 'SAB', 'M4'),
(15, 'SAB', 'M5'),
(15, 'SAB', 'M6'),
(15, 'SEG', 'M1'),
(15, 'SEG', 'M2'),
(15, 'SEG', 'M3'),
(15, 'SEG', 'M4'),
(15, 'SEG', 'M5'),
(15, 'SEG', 'M6'),
(15, 'SEG', 'N1'),
(15, 'SEG', 'N2'),
(15, 'SEG', 'N3'),
(15, 'SEG', 'N4'),
(15, 'SEG', 'N5'),
(15, 'SEG', 'N6'),
(15, 'SEG', 'T1'),
(15, 'SEG', 'T2'),
(15, 'SEG', 'T3'),
(15, 'SEG', 'T4'),
(15, 'SEG', 'T5'),
(15, 'SEG', 'T6'),
(15, 'SEX', 'M1'),
(15, 'SEX', 'M2'),
(15, 'SEX', 'M3'),
(15, 'SEX', 'M4'),
(15, 'SEX', 'M5'),
(15, 'SEX', 'M6'),
(15, 'SEX', 'N1'),
(15, 'SEX', 'N2'),
(15, 'SEX', 'N3'),
(15, 'SEX', 'N4'),
(15, 'SEX', 'N5'),
(15, 'SEX', 'N6'),
(15, 'SEX', 'T1'),
(15, 'SEX', 'T2'),
(15, 'SEX', 'T3'),
(15, 'SEX', 'T4'),
(15, 'SEX', 'T5'),
(15, 'SEX', 'T6'),
(15, 'TER', 'M1'),
(15, 'TER', 'M2'),
(15, 'TER', 'M3'),
(15, 'TER', 'M4'),
(15, 'TER', 'M5'),
(15, 'TER', 'M6'),
(15, 'TER', 'N1'),
(15, 'TER', 'N2'),
(15, 'TER', 'N3'),
(15, 'TER', 'N4'),
(15, 'TER', 'N5'),
(15, 'TER', 'N6'),
(15, 'TER', 'T1'),
(15, 'TER', 'T2'),
(15, 'TER', 'T3'),
(15, 'TER', 'T4'),
(15, 'TER', 'T5'),
(15, 'TER', 'T6'),
(16, 'QUA', 'M1'),
(16, 'QUA', 'M2'),
(16, 'QUA', 'M3'),
(16, 'QUA', 'M4'),
(16, 'QUA', 'M5'),
(16, 'QUA', 'M6'),
(16, 'QUA', 'N1'),
(16, 'QUA', 'N2'),
(16, 'QUA', 'N3'),
(16, 'QUA', 'N4'),
(16, 'QUA', 'N5'),
(16, 'QUA', 'N6'),
(16, 'QUA', 'T1'),
(16, 'QUA', 'T2'),
(16, 'QUA', 'T3'),
(16, 'QUA', 'T4'),
(16, 'QUA', 'T5'),
(16, 'QUA', 'T6'),
(16, 'QUI', 'M1'),
(16, 'QUI', 'M2'),
(16, 'QUI', 'M3'),
(16, 'QUI', 'M4'),
(16, 'QUI', 'M5'),
(16, 'QUI', 'M6'),
(16, 'QUI', 'N1'),
(16, 'QUI', 'N2'),
(16, 'QUI', 'N3'),
(16, 'QUI', 'N4'),
(16, 'QUI', 'N5'),
(16, 'QUI', 'N6'),
(16, 'QUI', 'T1'),
(16, 'QUI', 'T2'),
(16, 'QUI', 'T3'),
(16, 'QUI', 'T4'),
(16, 'QUI', 'T5'),
(16, 'QUI', 'T6'),
(16, 'SAB', 'M1'),
(16, 'SAB', 'M2'),
(16, 'SAB', 'M3'),
(16, 'SAB', 'M4'),
(16, 'SAB', 'M5'),
(16, 'SAB', 'M6'),
(16, 'SEG', 'M1'),
(16, 'SEG', 'M2'),
(16, 'SEG', 'M3'),
(16, 'SEG', 'M4'),
(16, 'SEG', 'M5'),
(16, 'SEG', 'M6'),
(16, 'SEG', 'N1'),
(16, 'SEG', 'N2'),
(16, 'SEG', 'N3'),
(16, 'SEG', 'N4'),
(16, 'SEG', 'N5'),
(16, 'SEG', 'N6'),
(16, 'SEG', 'T1'),
(16, 'SEG', 'T2'),
(16, 'SEG', 'T3'),
(16, 'SEG', 'T4'),
(16, 'SEG', 'T5'),
(16, 'SEG', 'T6'),
(16, 'SEX', 'M1'),
(16, 'SEX', 'M2'),
(16, 'SEX', 'M3'),
(16, 'SEX', 'M4'),
(16, 'SEX', 'M5'),
(16, 'SEX', 'M6'),
(16, 'SEX', 'N1'),
(16, 'SEX', 'N2'),
(16, 'SEX', 'N3'),
(16, 'SEX', 'N4'),
(16, 'SEX', 'N5'),
(16, 'SEX', 'N6'),
(16, 'SEX', 'T1'),
(16, 'SEX', 'T2'),
(16, 'SEX', 'T3'),
(16, 'SEX', 'T4'),
(16, 'SEX', 'T5'),
(16, 'SEX', 'T6'),
(16, 'TER', 'M1'),
(16, 'TER', 'M2'),
(16, 'TER', 'M3'),
(16, 'TER', 'M4'),
(16, 'TER', 'M5'),
(16, 'TER', 'M6'),
(16, 'TER', 'N1'),
(16, 'TER', 'N2'),
(16, 'TER', 'N3'),
(16, 'TER', 'N4'),
(16, 'TER', 'N5'),
(16, 'TER', 'N6'),
(16, 'TER', 'T1'),
(16, 'TER', 'T2'),
(16, 'TER', 'T3'),
(16, 'TER', 'T4'),
(16, 'TER', 'T5'),
(16, 'TER', 'T6'),
(17, 'QUA', 'M1'),
(17, 'QUA', 'M2'),
(17, 'QUA', 'M3'),
(17, 'QUA', 'M4'),
(17, 'QUA', 'M5'),
(17, 'QUA', 'M6'),
(17, 'QUA', 'N1'),
(17, 'QUA', 'N2'),
(17, 'QUA', 'N3'),
(17, 'QUA', 'N4'),
(17, 'QUA', 'N5'),
(17, 'QUA', 'N6'),
(17, 'QUA', 'T1'),
(17, 'QUA', 'T2'),
(17, 'QUA', 'T3'),
(17, 'QUA', 'T4'),
(17, 'QUA', 'T5'),
(17, 'QUA', 'T6'),
(17, 'QUI', 'M1'),
(17, 'QUI', 'M2'),
(17, 'QUI', 'M3'),
(17, 'QUI', 'M4'),
(17, 'QUI', 'M5'),
(17, 'QUI', 'M6'),
(17, 'QUI', 'N1'),
(17, 'QUI', 'N2'),
(17, 'QUI', 'N3'),
(17, 'QUI', 'N4'),
(17, 'QUI', 'N5'),
(17, 'QUI', 'N6'),
(17, 'QUI', 'T1'),
(17, 'QUI', 'T2'),
(17, 'QUI', 'T3'),
(17, 'QUI', 'T4'),
(17, 'QUI', 'T5'),
(17, 'QUI', 'T6'),
(17, 'SAB', 'M1'),
(17, 'SAB', 'M2'),
(17, 'SAB', 'M3'),
(17, 'SAB', 'M4'),
(17, 'SAB', 'M5'),
(17, 'SAB', 'M6'),
(17, 'SEG', 'M1'),
(17, 'SEG', 'M2'),
(17, 'SEG', 'M3'),
(17, 'SEG', 'M4'),
(17, 'SEG', 'M5'),
(17, 'SEG', 'M6'),
(17, 'SEG', 'N1'),
(17, 'SEG', 'N2'),
(17, 'SEG', 'N3'),
(17, 'SEG', 'N4'),
(17, 'SEG', 'N5'),
(17, 'SEG', 'N6'),
(17, 'SEG', 'T1'),
(17, 'SEG', 'T2'),
(17, 'SEG', 'T3'),
(17, 'SEG', 'T4'),
(17, 'SEG', 'T5'),
(17, 'SEG', 'T6'),
(17, 'SEX', 'M1'),
(17, 'SEX', 'M2'),
(17, 'SEX', 'M3'),
(17, 'SEX', 'M4'),
(17, 'SEX', 'M5'),
(17, 'SEX', 'M6'),
(17, 'SEX', 'N1'),
(17, 'SEX', 'N2'),
(17, 'SEX', 'N3'),
(17, 'SEX', 'N4'),
(17, 'SEX', 'N5'),
(17, 'SEX', 'N6'),
(17, 'SEX', 'T1'),
(17, 'SEX', 'T2'),
(17, 'SEX', 'T3'),
(17, 'SEX', 'T4'),
(17, 'SEX', 'T5'),
(17, 'SEX', 'T6'),
(17, 'TER', 'M1'),
(17, 'TER', 'M2'),
(17, 'TER', 'M3'),
(17, 'TER', 'M4'),
(17, 'TER', 'M5'),
(17, 'TER', 'M6'),
(17, 'TER', 'N1'),
(17, 'TER', 'N2'),
(17, 'TER', 'N3'),
(17, 'TER', 'N4'),
(17, 'TER', 'N5'),
(17, 'TER', 'N6'),
(17, 'TER', 'T1'),
(17, 'TER', 'T2'),
(17, 'TER', 'T3'),
(17, 'TER', 'T4'),
(17, 'TER', 'T5'),
(17, 'TER', 'T6'),
(18, 'QUA', 'M1'),
(18, 'QUA', 'M2'),
(18, 'QUA', 'M3'),
(18, 'QUA', 'M4'),
(18, 'QUA', 'M5'),
(18, 'QUA', 'M6'),
(18, 'QUA', 'N1'),
(18, 'QUA', 'N2'),
(18, 'QUA', 'N3'),
(18, 'QUA', 'N4'),
(18, 'QUA', 'N5'),
(18, 'QUA', 'N6'),
(18, 'QUA', 'T1'),
(18, 'QUA', 'T2'),
(18, 'QUA', 'T3'),
(18, 'QUA', 'T4'),
(18, 'QUA', 'T5'),
(18, 'QUA', 'T6'),
(18, 'QUI', 'M1'),
(18, 'QUI', 'M2'),
(18, 'QUI', 'M3'),
(18, 'QUI', 'M4'),
(18, 'QUI', 'M5'),
(18, 'QUI', 'M6'),
(18, 'QUI', 'N1'),
(18, 'QUI', 'N2'),
(18, 'QUI', 'N3'),
(18, 'QUI', 'N4'),
(18, 'QUI', 'N5'),
(18, 'QUI', 'N6'),
(18, 'QUI', 'T1'),
(18, 'QUI', 'T2'),
(18, 'QUI', 'T3'),
(18, 'QUI', 'T4'),
(18, 'QUI', 'T5'),
(18, 'QUI', 'T6'),
(18, 'SAB', 'M1'),
(18, 'SAB', 'M2'),
(18, 'SAB', 'M3'),
(18, 'SAB', 'M4'),
(18, 'SAB', 'M5'),
(18, 'SAB', 'M6'),
(18, 'SEG', 'M1'),
(18, 'SEG', 'M2'),
(18, 'SEG', 'M3'),
(18, 'SEG', 'M4'),
(18, 'SEG', 'M5'),
(18, 'SEG', 'M6'),
(18, 'SEG', 'N1'),
(18, 'SEG', 'N2'),
(18, 'SEG', 'N3'),
(18, 'SEG', 'N4'),
(18, 'SEG', 'N5'),
(18, 'SEG', 'N6'),
(18, 'SEG', 'T1'),
(18, 'SEG', 'T2'),
(18, 'SEG', 'T3'),
(18, 'SEG', 'T4'),
(18, 'SEG', 'T5'),
(18, 'SEG', 'T6'),
(18, 'SEX', 'M1'),
(18, 'SEX', 'M2'),
(18, 'SEX', 'M3'),
(18, 'SEX', 'M4'),
(18, 'SEX', 'M5'),
(18, 'SEX', 'M6'),
(18, 'SEX', 'N1'),
(18, 'SEX', 'N2'),
(18, 'SEX', 'N3'),
(18, 'SEX', 'N4'),
(18, 'SEX', 'N5'),
(18, 'SEX', 'N6'),
(18, 'SEX', 'T1'),
(18, 'SEX', 'T2'),
(18, 'SEX', 'T3'),
(18, 'SEX', 'T4'),
(18, 'SEX', 'T5'),
(18, 'SEX', 'T6'),
(18, 'TER', 'M1'),
(18, 'TER', 'M2'),
(18, 'TER', 'M3'),
(18, 'TER', 'M4'),
(18, 'TER', 'M5'),
(18, 'TER', 'M6'),
(18, 'TER', 'N1'),
(18, 'TER', 'N2'),
(18, 'TER', 'N3'),
(18, 'TER', 'N4'),
(18, 'TER', 'N5'),
(18, 'TER', 'N6'),
(18, 'TER', 'T1'),
(18, 'TER', 'T2'),
(18, 'TER', 'T3'),
(18, 'TER', 'T4'),
(18, 'TER', 'T5'),
(18, 'TER', 'T6'),
(19, 'QUA', 'M1'),
(19, 'QUA', 'M2'),
(19, 'QUA', 'M3'),
(19, 'QUA', 'M4'),
(19, 'QUA', 'M5'),
(19, 'QUA', 'M6'),
(19, 'QUA', 'N1'),
(19, 'QUA', 'N2'),
(19, 'QUA', 'N3'),
(19, 'QUA', 'N4'),
(19, 'QUA', 'N5'),
(19, 'QUA', 'N6'),
(19, 'QUA', 'T1'),
(19, 'QUA', 'T2'),
(19, 'QUA', 'T3'),
(19, 'QUA', 'T4'),
(19, 'QUA', 'T5'),
(19, 'QUA', 'T6'),
(19, 'QUI', 'M1'),
(19, 'QUI', 'M2'),
(19, 'QUI', 'M3'),
(19, 'QUI', 'M4'),
(19, 'QUI', 'M5'),
(19, 'QUI', 'M6'),
(19, 'QUI', 'N1'),
(19, 'QUI', 'N2'),
(19, 'QUI', 'N3'),
(19, 'QUI', 'N4'),
(19, 'QUI', 'N5'),
(19, 'QUI', 'N6'),
(19, 'QUI', 'T1'),
(19, 'QUI', 'T2'),
(19, 'QUI', 'T3'),
(19, 'QUI', 'T4'),
(19, 'QUI', 'T5'),
(19, 'QUI', 'T6'),
(19, 'SAB', 'M1'),
(19, 'SAB', 'M2'),
(19, 'SAB', 'M3'),
(19, 'SAB', 'M4'),
(19, 'SAB', 'M5'),
(19, 'SAB', 'M6'),
(19, 'SEG', 'M1'),
(19, 'SEG', 'M2'),
(19, 'SEG', 'M3'),
(19, 'SEG', 'M4'),
(19, 'SEG', 'M5'),
(19, 'SEG', 'M6'),
(19, 'SEG', 'N1'),
(19, 'SEG', 'N2'),
(19, 'SEG', 'N3'),
(19, 'SEG', 'N4'),
(19, 'SEG', 'N5'),
(19, 'SEG', 'N6'),
(19, 'SEG', 'T1'),
(19, 'SEG', 'T2'),
(19, 'SEG', 'T3'),
(19, 'SEG', 'T4'),
(19, 'SEG', 'T5'),
(19, 'SEG', 'T6'),
(19, 'SEX', 'M1'),
(19, 'SEX', 'M2'),
(19, 'SEX', 'M3'),
(19, 'SEX', 'M4'),
(19, 'SEX', 'M5'),
(19, 'SEX', 'M6'),
(19, 'SEX', 'N1'),
(19, 'SEX', 'N2'),
(19, 'SEX', 'N3'),
(19, 'SEX', 'N4'),
(19, 'SEX', 'N5'),
(19, 'SEX', 'N6'),
(19, 'SEX', 'T1'),
(19, 'SEX', 'T2'),
(19, 'SEX', 'T3'),
(19, 'SEX', 'T4'),
(19, 'SEX', 'T5'),
(19, 'SEX', 'T6'),
(19, 'TER', 'M1'),
(19, 'TER', 'M2'),
(19, 'TER', 'M3'),
(19, 'TER', 'M4'),
(19, 'TER', 'M5'),
(19, 'TER', 'M6'),
(19, 'TER', 'N1'),
(19, 'TER', 'N2'),
(19, 'TER', 'N3'),
(19, 'TER', 'N4'),
(19, 'TER', 'N5'),
(19, 'TER', 'N6'),
(19, 'TER', 'T1'),
(19, 'TER', 'T2'),
(19, 'TER', 'T3'),
(19, 'TER', 'T4'),
(19, 'TER', 'T5'),
(19, 'TER', 'T6'),
(20, 'QUA', 'M1'),
(20, 'QUA', 'M2'),
(20, 'QUA', 'M3'),
(20, 'QUA', 'M4'),
(20, 'QUA', 'M5'),
(20, 'QUA', 'M6'),
(20, 'QUA', 'N1'),
(20, 'QUA', 'N2'),
(20, 'QUA', 'N3'),
(20, 'QUA', 'N4'),
(20, 'QUA', 'N5'),
(20, 'QUA', 'N6'),
(20, 'QUA', 'T1'),
(20, 'QUA', 'T2'),
(20, 'QUA', 'T3'),
(20, 'QUA', 'T4'),
(20, 'QUA', 'T5'),
(20, 'QUA', 'T6'),
(20, 'QUI', 'M1'),
(20, 'QUI', 'M2'),
(20, 'QUI', 'M3'),
(20, 'QUI', 'M4'),
(20, 'QUI', 'M5'),
(20, 'QUI', 'M6'),
(20, 'QUI', 'N1'),
(20, 'QUI', 'N2'),
(20, 'QUI', 'N3'),
(20, 'QUI', 'N4'),
(20, 'QUI', 'N5'),
(20, 'QUI', 'N6'),
(20, 'QUI', 'T1'),
(20, 'QUI', 'T2'),
(20, 'QUI', 'T3'),
(20, 'QUI', 'T4'),
(20, 'QUI', 'T5'),
(20, 'QUI', 'T6'),
(20, 'SAB', 'M1'),
(20, 'SAB', 'M2'),
(20, 'SAB', 'M3'),
(20, 'SAB', 'M4'),
(20, 'SAB', 'M5'),
(20, 'SAB', 'M6'),
(20, 'SEG', 'M1'),
(20, 'SEG', 'M2'),
(20, 'SEG', 'M3'),
(20, 'SEG', 'M4'),
(20, 'SEG', 'M5'),
(20, 'SEG', 'M6'),
(20, 'SEG', 'N1'),
(20, 'SEG', 'N2'),
(20, 'SEG', 'N3'),
(20, 'SEG', 'N4'),
(20, 'SEG', 'N5'),
(20, 'SEG', 'N6'),
(20, 'SEG', 'T1'),
(20, 'SEG', 'T2'),
(20, 'SEG', 'T3'),
(20, 'SEG', 'T4'),
(20, 'SEG', 'T5'),
(20, 'SEG', 'T6'),
(20, 'SEX', 'M1'),
(20, 'SEX', 'M2'),
(20, 'SEX', 'M3'),
(20, 'SEX', 'M4'),
(20, 'SEX', 'M5'),
(20, 'SEX', 'M6'),
(20, 'SEX', 'N1'),
(20, 'SEX', 'N2'),
(20, 'SEX', 'N3'),
(20, 'SEX', 'N4'),
(20, 'SEX', 'N5'),
(20, 'SEX', 'N6'),
(20, 'SEX', 'T1'),
(20, 'SEX', 'T2'),
(20, 'SEX', 'T3'),
(20, 'SEX', 'T4'),
(20, 'SEX', 'T5'),
(20, 'SEX', 'T6'),
(20, 'TER', 'M1'),
(20, 'TER', 'M2'),
(20, 'TER', 'M3'),
(20, 'TER', 'M4'),
(20, 'TER', 'M5'),
(20, 'TER', 'M6'),
(20, 'TER', 'N1'),
(20, 'TER', 'N2'),
(20, 'TER', 'N3'),
(20, 'TER', 'N4'),
(20, 'TER', 'N5'),
(20, 'TER', 'N6'),
(20, 'TER', 'T1'),
(20, 'TER', 'T2'),
(20, 'TER', 'T3'),
(20, 'TER', 'T4'),
(20, 'TER', 'T5'),
(20, 'TER', 'T6'),
(21, 'QUA', 'M1'),
(21, 'QUA', 'M2'),
(21, 'QUA', 'M3'),
(21, 'QUA', 'M4'),
(21, 'QUA', 'M5'),
(21, 'QUA', 'M6'),
(21, 'QUA', 'N1'),
(21, 'QUA', 'N2'),
(21, 'QUA', 'N3'),
(21, 'QUA', 'N4'),
(21, 'QUA', 'N5'),
(21, 'QUA', 'N6'),
(21, 'QUA', 'T1'),
(21, 'QUA', 'T2'),
(21, 'QUA', 'T3'),
(21, 'QUA', 'T4'),
(21, 'QUA', 'T5'),
(21, 'QUA', 'T6'),
(21, 'QUI', 'M1'),
(21, 'QUI', 'M2'),
(21, 'QUI', 'M3'),
(21, 'QUI', 'M4'),
(21, 'QUI', 'M5'),
(21, 'QUI', 'M6'),
(21, 'QUI', 'N1'),
(21, 'QUI', 'N2'),
(21, 'QUI', 'N3'),
(21, 'QUI', 'N4'),
(21, 'QUI', 'N5'),
(21, 'QUI', 'N6'),
(21, 'QUI', 'T1'),
(21, 'QUI', 'T2'),
(21, 'QUI', 'T3'),
(21, 'QUI', 'T4'),
(21, 'QUI', 'T5'),
(21, 'QUI', 'T6'),
(21, 'SAB', 'M1'),
(21, 'SAB', 'M2'),
(21, 'SAB', 'M3'),
(21, 'SAB', 'M4'),
(21, 'SAB', 'M5'),
(21, 'SAB', 'M6'),
(21, 'SEG', 'M1'),
(21, 'SEG', 'M2'),
(21, 'SEG', 'M3'),
(21, 'SEG', 'M4'),
(21, 'SEG', 'M5'),
(21, 'SEG', 'M6'),
(21, 'SEG', 'N1'),
(21, 'SEG', 'N2'),
(21, 'SEG', 'N3'),
(21, 'SEG', 'N4'),
(21, 'SEG', 'N5'),
(21, 'SEG', 'N6'),
(21, 'SEG', 'T1'),
(21, 'SEG', 'T2'),
(21, 'SEG', 'T3'),
(21, 'SEG', 'T4'),
(21, 'SEG', 'T5'),
(21, 'SEG', 'T6'),
(21, 'SEX', 'M1'),
(21, 'SEX', 'M2'),
(21, 'SEX', 'M3'),
(21, 'SEX', 'M4'),
(21, 'SEX', 'M5'),
(21, 'SEX', 'M6'),
(21, 'SEX', 'N1'),
(21, 'SEX', 'N2'),
(21, 'SEX', 'N3'),
(21, 'SEX', 'N4'),
(21, 'SEX', 'N5'),
(21, 'SEX', 'N6'),
(21, 'SEX', 'T1'),
(21, 'SEX', 'T2'),
(21, 'SEX', 'T3'),
(21, 'SEX', 'T4'),
(21, 'SEX', 'T5'),
(21, 'SEX', 'T6'),
(21, 'TER', 'M1'),
(21, 'TER', 'M2'),
(21, 'TER', 'M3'),
(21, 'TER', 'M4'),
(21, 'TER', 'M5'),
(21, 'TER', 'M6'),
(21, 'TER', 'N1'),
(21, 'TER', 'N2'),
(21, 'TER', 'N3'),
(21, 'TER', 'N4'),
(21, 'TER', 'N5'),
(21, 'TER', 'N6'),
(21, 'TER', 'T1'),
(21, 'TER', 'T2'),
(21, 'TER', 'T3'),
(21, 'TER', 'T4'),
(21, 'TER', 'T5'),
(21, 'TER', 'T6'),
(22, 'QUA', 'M1'),
(22, 'QUA', 'M2'),
(22, 'QUA', 'M3'),
(22, 'QUA', 'M4'),
(22, 'QUA', 'M5'),
(22, 'QUA', 'M6'),
(22, 'QUA', 'N1'),
(22, 'QUA', 'N2'),
(22, 'QUA', 'N3'),
(22, 'QUA', 'N4'),
(22, 'QUA', 'N5'),
(22, 'QUA', 'N6'),
(22, 'QUA', 'T1'),
(22, 'QUA', 'T2'),
(22, 'QUA', 'T3'),
(22, 'QUA', 'T4'),
(22, 'QUA', 'T5'),
(22, 'QUA', 'T6'),
(22, 'QUI', 'M1'),
(22, 'QUI', 'M2'),
(22, 'QUI', 'M3'),
(22, 'QUI', 'M4'),
(22, 'QUI', 'M5'),
(22, 'QUI', 'M6'),
(22, 'QUI', 'N1'),
(22, 'QUI', 'N2'),
(22, 'QUI', 'N3'),
(22, 'QUI', 'N4'),
(22, 'QUI', 'N5'),
(22, 'QUI', 'N6'),
(22, 'QUI', 'T1'),
(22, 'QUI', 'T2'),
(22, 'QUI', 'T3'),
(22, 'QUI', 'T4'),
(22, 'QUI', 'T5'),
(22, 'QUI', 'T6'),
(22, 'SAB', 'M1'),
(22, 'SAB', 'M2'),
(22, 'SAB', 'M3'),
(22, 'SAB', 'M4'),
(22, 'SAB', 'M5'),
(22, 'SAB', 'M6'),
(22, 'SEG', 'M1'),
(22, 'SEG', 'M2'),
(22, 'SEG', 'M3'),
(22, 'SEG', 'M4'),
(22, 'SEG', 'M5'),
(22, 'SEG', 'M6'),
(22, 'SEG', 'N1'),
(22, 'SEG', 'N2'),
(22, 'SEG', 'N3'),
(22, 'SEG', 'N4'),
(22, 'SEG', 'N5'),
(22, 'SEG', 'N6'),
(22, 'SEG', 'T1'),
(22, 'SEG', 'T2'),
(22, 'SEG', 'T3'),
(22, 'SEG', 'T4'),
(22, 'SEG', 'T5'),
(22, 'SEG', 'T6'),
(22, 'SEX', 'M1'),
(22, 'SEX', 'M2'),
(22, 'SEX', 'M3'),
(22, 'SEX', 'M4'),
(22, 'SEX', 'M5'),
(22, 'SEX', 'M6'),
(22, 'SEX', 'N1'),
(22, 'SEX', 'N2'),
(22, 'SEX', 'N3'),
(22, 'SEX', 'N4'),
(22, 'SEX', 'N5'),
(22, 'SEX', 'N6'),
(22, 'SEX', 'T1'),
(22, 'SEX', 'T2'),
(22, 'SEX', 'T3'),
(22, 'SEX', 'T4'),
(22, 'SEX', 'T5'),
(22, 'SEX', 'T6'),
(22, 'TER', 'M1'),
(22, 'TER', 'M2'),
(22, 'TER', 'M3'),
(22, 'TER', 'M4'),
(22, 'TER', 'M5'),
(22, 'TER', 'M6'),
(22, 'TER', 'N1'),
(22, 'TER', 'N2'),
(22, 'TER', 'N3'),
(22, 'TER', 'N4'),
(22, 'TER', 'N5'),
(22, 'TER', 'N6'),
(22, 'TER', 'T1'),
(22, 'TER', 'T2'),
(22, 'TER', 'T3'),
(22, 'TER', 'T4'),
(22, 'TER', 'T5'),
(22, 'TER', 'T6'),
(23, 'QUA', 'M1'),
(23, 'QUA', 'M2'),
(23, 'QUA', 'M3'),
(23, 'QUA', 'M4'),
(23, 'QUA', 'M5'),
(23, 'QUA', 'M6'),
(23, 'QUA', 'N1'),
(23, 'QUA', 'N2'),
(23, 'QUA', 'N3'),
(23, 'QUA', 'N4'),
(23, 'QUA', 'N5'),
(23, 'QUA', 'N6'),
(23, 'QUA', 'T1'),
(23, 'QUA', 'T2'),
(23, 'QUA', 'T3'),
(23, 'QUA', 'T4'),
(23, 'QUA', 'T5'),
(23, 'QUA', 'T6'),
(23, 'QUI', 'M1'),
(23, 'QUI', 'M2'),
(23, 'QUI', 'M3'),
(23, 'QUI', 'M4'),
(23, 'QUI', 'M5'),
(23, 'QUI', 'M6'),
(23, 'QUI', 'N1'),
(23, 'QUI', 'N2'),
(23, 'QUI', 'N3'),
(23, 'QUI', 'N4'),
(23, 'QUI', 'N5'),
(23, 'QUI', 'N6'),
(23, 'QUI', 'T1'),
(23, 'QUI', 'T2'),
(23, 'QUI', 'T3'),
(23, 'QUI', 'T4'),
(23, 'QUI', 'T5'),
(23, 'QUI', 'T6'),
(23, 'SAB', 'M1'),
(23, 'SAB', 'M2'),
(23, 'SAB', 'M3'),
(23, 'SAB', 'M4'),
(23, 'SAB', 'M5'),
(23, 'SAB', 'M6'),
(23, 'SEG', 'M1'),
(23, 'SEG', 'M2'),
(23, 'SEG', 'M3'),
(23, 'SEG', 'M4'),
(23, 'SEG', 'M5'),
(23, 'SEG', 'M6'),
(23, 'SEG', 'N1'),
(23, 'SEG', 'N2'),
(23, 'SEG', 'N3'),
(23, 'SEG', 'N4'),
(23, 'SEG', 'N5'),
(23, 'SEG', 'N6'),
(23, 'SEG', 'T1'),
(23, 'SEG', 'T2'),
(23, 'SEG', 'T3'),
(23, 'SEG', 'T4'),
(23, 'SEG', 'T5'),
(23, 'SEG', 'T6'),
(23, 'SEX', 'M1'),
(23, 'SEX', 'M2'),
(23, 'SEX', 'M3'),
(23, 'SEX', 'M4'),
(23, 'SEX', 'M5'),
(23, 'SEX', 'M6'),
(23, 'SEX', 'N1'),
(23, 'SEX', 'N2'),
(23, 'SEX', 'N3'),
(23, 'SEX', 'N4'),
(23, 'SEX', 'N5'),
(23, 'SEX', 'N6'),
(23, 'SEX', 'T1'),
(23, 'SEX', 'T2'),
(23, 'SEX', 'T3'),
(23, 'SEX', 'T4'),
(23, 'SEX', 'T5'),
(23, 'SEX', 'T6'),
(23, 'TER', 'M1'),
(23, 'TER', 'M2'),
(23, 'TER', 'M3'),
(23, 'TER', 'M4'),
(23, 'TER', 'M5'),
(23, 'TER', 'M6'),
(23, 'TER', 'N1'),
(23, 'TER', 'N2'),
(23, 'TER', 'N3'),
(23, 'TER', 'N4'),
(23, 'TER', 'N5'),
(23, 'TER', 'N6'),
(23, 'TER', 'T1'),
(23, 'TER', 'T2'),
(23, 'TER', 'T3'),
(23, 'TER', 'T4'),
(23, 'TER', 'T5'),
(23, 'TER', 'T6'),
(24, 'QUA', 'M1'),
(24, 'QUA', 'M2'),
(24, 'QUA', 'M3'),
(24, 'QUA', 'M4'),
(24, 'QUA', 'M5'),
(24, 'QUA', 'M6'),
(24, 'QUA', 'N1'),
(24, 'QUA', 'N2'),
(24, 'QUA', 'N3'),
(24, 'QUA', 'N4'),
(24, 'QUA', 'N5'),
(24, 'QUA', 'N6'),
(24, 'QUA', 'T1'),
(24, 'QUA', 'T2'),
(24, 'QUA', 'T3'),
(24, 'QUA', 'T4'),
(24, 'QUA', 'T5'),
(24, 'QUA', 'T6'),
(24, 'QUI', 'M1'),
(24, 'QUI', 'M2'),
(24, 'QUI', 'M3'),
(24, 'QUI', 'M4'),
(24, 'QUI', 'M5'),
(24, 'QUI', 'M6'),
(24, 'QUI', 'N1'),
(24, 'QUI', 'N2'),
(24, 'QUI', 'N3'),
(24, 'QUI', 'N4'),
(24, 'QUI', 'N5'),
(24, 'QUI', 'N6'),
(24, 'QUI', 'T1'),
(24, 'QUI', 'T2'),
(24, 'QUI', 'T3'),
(24, 'QUI', 'T4'),
(24, 'QUI', 'T5'),
(24, 'QUI', 'T6'),
(24, 'SAB', 'M1'),
(24, 'SAB', 'M2'),
(24, 'SAB', 'M3'),
(24, 'SAB', 'M4'),
(24, 'SAB', 'M5'),
(24, 'SAB', 'M6'),
(24, 'SEG', 'M1'),
(24, 'SEG', 'M2'),
(24, 'SEG', 'M3'),
(24, 'SEG', 'M4'),
(24, 'SEG', 'M5'),
(24, 'SEG', 'M6'),
(24, 'SEG', 'N1'),
(24, 'SEG', 'N2'),
(24, 'SEG', 'N3'),
(24, 'SEG', 'N4'),
(24, 'SEG', 'N5'),
(24, 'SEG', 'N6'),
(24, 'SEG', 'T1'),
(24, 'SEG', 'T2'),
(24, 'SEG', 'T3'),
(24, 'SEG', 'T4'),
(24, 'SEG', 'T5'),
(24, 'SEG', 'T6'),
(24, 'SEX', 'M1'),
(24, 'SEX', 'M2'),
(24, 'SEX', 'M3'),
(24, 'SEX', 'M4'),
(24, 'SEX', 'M5'),
(24, 'SEX', 'M6'),
(24, 'SEX', 'N1'),
(24, 'SEX', 'N2'),
(24, 'SEX', 'N3'),
(24, 'SEX', 'N4'),
(24, 'SEX', 'N5'),
(24, 'SEX', 'N6'),
(24, 'SEX', 'T1'),
(24, 'SEX', 'T2'),
(24, 'SEX', 'T3'),
(24, 'SEX', 'T4'),
(24, 'SEX', 'T5'),
(24, 'SEX', 'T6'),
(24, 'TER', 'M1'),
(24, 'TER', 'M2'),
(24, 'TER', 'M3'),
(24, 'TER', 'M4'),
(24, 'TER', 'M5'),
(24, 'TER', 'M6'),
(24, 'TER', 'N1'),
(24, 'TER', 'N2'),
(24, 'TER', 'N3'),
(24, 'TER', 'N4'),
(24, 'TER', 'N5'),
(24, 'TER', 'N6'),
(24, 'TER', 'T1'),
(24, 'TER', 'T2'),
(24, 'TER', 'T3'),
(24, 'TER', 'T4'),
(24, 'TER', 'T5'),
(24, 'TER', 'T6'),
(25, 'QUA', 'M1'),
(25, 'QUA', 'M2'),
(25, 'QUA', 'M3'),
(25, 'QUA', 'M4'),
(25, 'QUA', 'M5'),
(25, 'QUA', 'M6'),
(25, 'QUA', 'N1'),
(25, 'QUA', 'N2'),
(25, 'QUA', 'N3'),
(25, 'QUA', 'N4'),
(25, 'QUA', 'N5'),
(25, 'QUA', 'N6'),
(25, 'QUA', 'T1'),
(25, 'QUA', 'T2'),
(25, 'QUA', 'T3'),
(25, 'QUA', 'T4'),
(25, 'QUA', 'T5'),
(25, 'QUA', 'T6'),
(25, 'QUI', 'M1'),
(25, 'QUI', 'M2'),
(25, 'QUI', 'M3'),
(25, 'QUI', 'M4'),
(25, 'QUI', 'M5'),
(25, 'QUI', 'M6'),
(25, 'QUI', 'N1'),
(25, 'QUI', 'N2'),
(25, 'QUI', 'N3'),
(25, 'QUI', 'N4'),
(25, 'QUI', 'N5'),
(25, 'QUI', 'N6'),
(25, 'QUI', 'T1'),
(25, 'QUI', 'T2'),
(25, 'QUI', 'T3'),
(25, 'QUI', 'T4'),
(25, 'QUI', 'T5'),
(25, 'QUI', 'T6'),
(25, 'SAB', 'M1'),
(25, 'SAB', 'M2'),
(25, 'SAB', 'M3'),
(25, 'SAB', 'M4'),
(25, 'SAB', 'M5'),
(25, 'SAB', 'M6'),
(25, 'SEG', 'M1'),
(25, 'SEG', 'M2'),
(25, 'SEG', 'M3'),
(25, 'SEG', 'M4'),
(25, 'SEG', 'M5'),
(25, 'SEG', 'M6'),
(25, 'SEG', 'N1'),
(25, 'SEG', 'N2'),
(25, 'SEG', 'N3'),
(25, 'SEG', 'N4'),
(25, 'SEG', 'N5'),
(25, 'SEG', 'N6'),
(25, 'SEG', 'T1'),
(25, 'SEG', 'T2'),
(25, 'SEG', 'T3'),
(25, 'SEG', 'T4'),
(25, 'SEG', 'T5'),
(25, 'SEG', 'T6'),
(25, 'SEX', 'M1'),
(25, 'SEX', 'M2'),
(25, 'SEX', 'M3'),
(25, 'SEX', 'M4'),
(25, 'SEX', 'M5'),
(25, 'SEX', 'M6'),
(25, 'SEX', 'N1'),
(25, 'SEX', 'N2'),
(25, 'SEX', 'N3'),
(25, 'SEX', 'N4'),
(25, 'SEX', 'N5'),
(25, 'SEX', 'N6'),
(25, 'SEX', 'T1'),
(25, 'SEX', 'T2'),
(25, 'SEX', 'T3'),
(25, 'SEX', 'T4'),
(25, 'SEX', 'T5'),
(25, 'SEX', 'T6'),
(25, 'TER', 'M1'),
(25, 'TER', 'M2'),
(25, 'TER', 'M3'),
(25, 'TER', 'M4'),
(25, 'TER', 'M5'),
(25, 'TER', 'M6'),
(25, 'TER', 'N1'),
(25, 'TER', 'N2'),
(25, 'TER', 'N3'),
(25, 'TER', 'N4'),
(25, 'TER', 'N5'),
(25, 'TER', 'N6'),
(25, 'TER', 'T1'),
(25, 'TER', 'T2'),
(25, 'TER', 'T3'),
(25, 'TER', 'T4'),
(25, 'TER', 'T5'),
(25, 'TER', 'T6'),
(26, 'QUA', 'M1'),
(26, 'QUA', 'M2'),
(26, 'QUA', 'M3'),
(26, 'QUA', 'M4'),
(26, 'QUA', 'M5'),
(26, 'QUA', 'M6'),
(26, 'QUA', 'N1'),
(26, 'QUA', 'N2'),
(26, 'QUA', 'N3'),
(26, 'QUA', 'N4'),
(26, 'QUA', 'N5'),
(26, 'QUA', 'N6'),
(26, 'QUA', 'T1'),
(26, 'QUA', 'T2'),
(26, 'QUA', 'T3'),
(26, 'QUA', 'T4'),
(26, 'QUA', 'T5'),
(26, 'QUA', 'T6'),
(26, 'QUI', 'M1'),
(26, 'QUI', 'M2'),
(26, 'QUI', 'M3'),
(26, 'QUI', 'M4'),
(26, 'QUI', 'M5'),
(26, 'QUI', 'M6'),
(26, 'QUI', 'N1'),
(26, 'QUI', 'N2'),
(26, 'QUI', 'N3'),
(26, 'QUI', 'N4'),
(26, 'QUI', 'N5'),
(26, 'QUI', 'N6'),
(26, 'QUI', 'T1'),
(26, 'QUI', 'T2'),
(26, 'QUI', 'T3'),
(26, 'QUI', 'T4'),
(26, 'QUI', 'T5'),
(26, 'QUI', 'T6'),
(26, 'SAB', 'M1'),
(26, 'SAB', 'M2'),
(26, 'SAB', 'M3'),
(26, 'SAB', 'M4'),
(26, 'SAB', 'M5'),
(26, 'SAB', 'M6'),
(26, 'SEG', 'M1'),
(26, 'SEG', 'M2'),
(26, 'SEG', 'M3'),
(26, 'SEG', 'M4'),
(26, 'SEG', 'M5'),
(26, 'SEG', 'M6'),
(26, 'SEG', 'N1'),
(26, 'SEG', 'N2'),
(26, 'SEG', 'N3'),
(26, 'SEG', 'N4'),
(26, 'SEG', 'N5'),
(26, 'SEG', 'N6'),
(26, 'SEG', 'T1'),
(26, 'SEG', 'T2'),
(26, 'SEG', 'T3'),
(26, 'SEG', 'T4'),
(26, 'SEG', 'T5'),
(26, 'SEG', 'T6'),
(26, 'SEX', 'M1'),
(26, 'SEX', 'M2'),
(26, 'SEX', 'M3'),
(26, 'SEX', 'M4'),
(26, 'SEX', 'M5'),
(26, 'SEX', 'M6'),
(26, 'SEX', 'N1'),
(26, 'SEX', 'N2'),
(26, 'SEX', 'N3'),
(26, 'SEX', 'N4'),
(26, 'SEX', 'N5'),
(26, 'SEX', 'N6'),
(26, 'SEX', 'T1'),
(26, 'SEX', 'T2'),
(26, 'SEX', 'T3'),
(26, 'SEX', 'T4'),
(26, 'SEX', 'T5'),
(26, 'SEX', 'T6'),
(26, 'TER', 'M1'),
(26, 'TER', 'M2'),
(26, 'TER', 'M3'),
(26, 'TER', 'M4'),
(26, 'TER', 'M5'),
(26, 'TER', 'M6'),
(26, 'TER', 'N1'),
(26, 'TER', 'N2'),
(26, 'TER', 'N3'),
(26, 'TER', 'N4'),
(26, 'TER', 'N5'),
(26, 'TER', 'N6'),
(26, 'TER', 'T1'),
(26, 'TER', 'T2'),
(26, 'TER', 'T3'),
(26, 'TER', 'T4'),
(26, 'TER', 'T5'),
(26, 'TER', 'T6'),
(27, 'QUA', 'M1'),
(27, 'QUA', 'M2'),
(27, 'QUA', 'M3'),
(27, 'QUA', 'M4'),
(27, 'QUA', 'M5'),
(27, 'QUA', 'M6'),
(27, 'QUA', 'N1'),
(27, 'QUA', 'N2'),
(27, 'QUA', 'N3'),
(27, 'QUA', 'N4'),
(27, 'QUA', 'N5'),
(27, 'QUA', 'N6'),
(27, 'QUA', 'T1'),
(27, 'QUA', 'T2'),
(27, 'QUA', 'T3'),
(27, 'QUA', 'T4'),
(27, 'QUA', 'T5'),
(27, 'QUA', 'T6'),
(27, 'QUI', 'M1'),
(27, 'QUI', 'M2'),
(27, 'QUI', 'M3'),
(27, 'QUI', 'M4'),
(27, 'QUI', 'M5'),
(27, 'QUI', 'M6'),
(27, 'QUI', 'N1'),
(27, 'QUI', 'N2'),
(27, 'QUI', 'N3'),
(27, 'QUI', 'N4'),
(27, 'QUI', 'N5'),
(27, 'QUI', 'N6'),
(27, 'QUI', 'T1'),
(27, 'QUI', 'T2'),
(27, 'QUI', 'T3'),
(27, 'QUI', 'T4'),
(27, 'QUI', 'T5'),
(27, 'QUI', 'T6'),
(27, 'SAB', 'M1'),
(27, 'SAB', 'M2'),
(27, 'SAB', 'M3'),
(27, 'SAB', 'M4'),
(27, 'SAB', 'M5'),
(27, 'SAB', 'M6'),
(27, 'SEG', 'M1'),
(27, 'SEG', 'M2'),
(27, 'SEG', 'M3'),
(27, 'SEG', 'M4'),
(27, 'SEG', 'M5'),
(27, 'SEG', 'M6'),
(27, 'SEG', 'N1'),
(27, 'SEG', 'N2'),
(27, 'SEG', 'N3'),
(27, 'SEG', 'N4'),
(27, 'SEG', 'N5'),
(27, 'SEG', 'N6'),
(27, 'SEG', 'T1'),
(27, 'SEG', 'T2'),
(27, 'SEG', 'T3'),
(27, 'SEG', 'T4'),
(27, 'SEG', 'T5'),
(27, 'SEG', 'T6'),
(27, 'SEX', 'M1'),
(27, 'SEX', 'M2'),
(27, 'SEX', 'M3'),
(27, 'SEX', 'M4'),
(27, 'SEX', 'M5'),
(27, 'SEX', 'M6'),
(27, 'SEX', 'N1'),
(27, 'SEX', 'N2'),
(27, 'SEX', 'N3'),
(27, 'SEX', 'N4'),
(27, 'SEX', 'N5'),
(27, 'SEX', 'N6'),
(27, 'SEX', 'T1'),
(27, 'SEX', 'T2'),
(27, 'SEX', 'T3'),
(27, 'SEX', 'T4'),
(27, 'SEX', 'T5'),
(27, 'SEX', 'T6'),
(27, 'TER', 'M1'),
(27, 'TER', 'M2'),
(27, 'TER', 'M3'),
(27, 'TER', 'M4'),
(27, 'TER', 'M5'),
(27, 'TER', 'M6'),
(27, 'TER', 'N1'),
(27, 'TER', 'N2'),
(27, 'TER', 'N3'),
(27, 'TER', 'N4'),
(27, 'TER', 'N5'),
(27, 'TER', 'N6'),
(27, 'TER', 'T1'),
(27, 'TER', 'T2'),
(27, 'TER', 'T3'),
(27, 'TER', 'T4'),
(27, 'TER', 'T5'),
(27, 'TER', 'T6'),
(28, 'QUA', 'M1'),
(28, 'QUA', 'M2'),
(28, 'QUA', 'M3'),
(28, 'QUA', 'M4'),
(28, 'QUA', 'M5'),
(28, 'QUA', 'M6'),
(28, 'QUA', 'N1'),
(28, 'QUA', 'N2'),
(28, 'QUA', 'N3'),
(28, 'QUA', 'N4'),
(28, 'QUA', 'N5'),
(28, 'QUA', 'N6'),
(28, 'QUA', 'T1'),
(28, 'QUA', 'T2'),
(28, 'QUA', 'T3'),
(28, 'QUA', 'T4'),
(28, 'QUA', 'T5'),
(28, 'QUA', 'T6'),
(28, 'QUI', 'M1'),
(28, 'QUI', 'M2'),
(28, 'QUI', 'M3'),
(28, 'QUI', 'M4'),
(28, 'QUI', 'M5'),
(28, 'QUI', 'M6'),
(28, 'QUI', 'N1'),
(28, 'QUI', 'N2'),
(28, 'QUI', 'N3'),
(28, 'QUI', 'N4'),
(28, 'QUI', 'N5'),
(28, 'QUI', 'N6'),
(28, 'QUI', 'T1'),
(28, 'QUI', 'T2'),
(28, 'QUI', 'T3'),
(28, 'QUI', 'T4'),
(28, 'QUI', 'T5'),
(28, 'QUI', 'T6'),
(28, 'SAB', 'M1'),
(28, 'SAB', 'M2'),
(28, 'SAB', 'M3'),
(28, 'SAB', 'M4'),
(28, 'SAB', 'M5'),
(28, 'SAB', 'M6'),
(28, 'SEG', 'M1'),
(28, 'SEG', 'M2'),
(28, 'SEG', 'M3'),
(28, 'SEG', 'M4'),
(28, 'SEG', 'M5'),
(28, 'SEG', 'M6'),
(28, 'SEG', 'N1'),
(28, 'SEG', 'N2'),
(28, 'SEG', 'N3'),
(28, 'SEG', 'N4'),
(28, 'SEG', 'N5'),
(28, 'SEG', 'N6'),
(28, 'SEG', 'T1'),
(28, 'SEG', 'T2'),
(28, 'SEG', 'T3'),
(28, 'SEG', 'T4'),
(28, 'SEG', 'T5'),
(28, 'SEG', 'T6'),
(28, 'SEX', 'M1'),
(28, 'SEX', 'M2'),
(28, 'SEX', 'M3'),
(28, 'SEX', 'M4'),
(28, 'SEX', 'M5'),
(28, 'SEX', 'M6'),
(28, 'SEX', 'N1'),
(28, 'SEX', 'N2'),
(28, 'SEX', 'N3'),
(28, 'SEX', 'N4'),
(28, 'SEX', 'N5'),
(28, 'SEX', 'N6'),
(28, 'SEX', 'T1'),
(28, 'SEX', 'T2'),
(28, 'SEX', 'T3'),
(28, 'SEX', 'T4'),
(28, 'SEX', 'T5'),
(28, 'SEX', 'T6'),
(28, 'TER', 'M1'),
(28, 'TER', 'M2'),
(28, 'TER', 'M3'),
(28, 'TER', 'M4'),
(28, 'TER', 'M5'),
(28, 'TER', 'M6'),
(28, 'TER', 'N1'),
(28, 'TER', 'N2'),
(28, 'TER', 'N3'),
(28, 'TER', 'N4'),
(28, 'TER', 'N5'),
(28, 'TER', 'N6'),
(28, 'TER', 'T1'),
(28, 'TER', 'T2'),
(28, 'TER', 'T3'),
(28, 'TER', 'T4'),
(28, 'TER', 'T5'),
(28, 'TER', 'T6'),
(29, 'QUA', 'M1'),
(29, 'QUA', 'M2'),
(29, 'QUA', 'M3'),
(29, 'QUA', 'M4'),
(29, 'QUA', 'M5'),
(29, 'QUA', 'M6'),
(29, 'QUA', 'N1'),
(29, 'QUA', 'N2'),
(29, 'QUA', 'N3'),
(29, 'QUA', 'N4'),
(29, 'QUA', 'N5'),
(29, 'QUA', 'N6'),
(29, 'QUA', 'T1'),
(29, 'QUA', 'T2'),
(29, 'QUA', 'T3'),
(29, 'QUA', 'T4'),
(29, 'QUA', 'T5'),
(29, 'QUA', 'T6'),
(29, 'QUI', 'M1'),
(29, 'QUI', 'M2'),
(29, 'QUI', 'M3'),
(29, 'QUI', 'M4'),
(29, 'QUI', 'M5'),
(29, 'QUI', 'M6'),
(29, 'QUI', 'N1'),
(29, 'QUI', 'N2'),
(29, 'QUI', 'N3'),
(29, 'QUI', 'N4'),
(29, 'QUI', 'N5'),
(29, 'QUI', 'N6'),
(29, 'QUI', 'T1'),
(29, 'QUI', 'T2'),
(29, 'QUI', 'T3'),
(29, 'QUI', 'T4'),
(29, 'QUI', 'T5'),
(29, 'QUI', 'T6'),
(29, 'SAB', 'M1'),
(29, 'SAB', 'M2'),
(29, 'SAB', 'M3'),
(29, 'SAB', 'M4'),
(29, 'SAB', 'M5'),
(29, 'SAB', 'M6'),
(29, 'SEG', 'M1'),
(29, 'SEG', 'M2'),
(29, 'SEG', 'M3'),
(29, 'SEG', 'M4'),
(29, 'SEG', 'M5'),
(29, 'SEG', 'M6'),
(29, 'SEG', 'N1'),
(29, 'SEG', 'N2'),
(29, 'SEG', 'N3'),
(29, 'SEG', 'N4'),
(29, 'SEG', 'N5'),
(29, 'SEG', 'N6'),
(29, 'SEG', 'T1'),
(29, 'SEG', 'T2'),
(29, 'SEG', 'T3'),
(29, 'SEG', 'T4'),
(29, 'SEG', 'T5'),
(29, 'SEG', 'T6'),
(29, 'SEX', 'M1'),
(29, 'SEX', 'M2'),
(29, 'SEX', 'M3'),
(29, 'SEX', 'M4'),
(29, 'SEX', 'M5'),
(29, 'SEX', 'M6'),
(29, 'SEX', 'N1'),
(29, 'SEX', 'N2'),
(29, 'SEX', 'N3'),
(29, 'SEX', 'N4'),
(29, 'SEX', 'N5'),
(29, 'SEX', 'N6'),
(29, 'SEX', 'T1'),
(29, 'SEX', 'T2'),
(29, 'SEX', 'T3'),
(29, 'SEX', 'T4'),
(29, 'SEX', 'T5'),
(29, 'SEX', 'T6'),
(29, 'TER', 'M1'),
(29, 'TER', 'M2'),
(29, 'TER', 'M3'),
(29, 'TER', 'M4'),
(29, 'TER', 'M5'),
(29, 'TER', 'M6'),
(29, 'TER', 'N1'),
(29, 'TER', 'N2'),
(29, 'TER', 'N3'),
(29, 'TER', 'N4'),
(29, 'TER', 'N5'),
(29, 'TER', 'N6'),
(29, 'TER', 'T1'),
(29, 'TER', 'T2'),
(29, 'TER', 'T3'),
(29, 'TER', 'T4'),
(29, 'TER', 'T5'),
(29, 'TER', 'T6'),
(30, 'QUA', 'M1'),
(30, 'QUA', 'M2'),
(30, 'QUA', 'M3'),
(30, 'QUA', 'M4'),
(30, 'QUA', 'M5'),
(30, 'QUA', 'M6'),
(30, 'QUA', 'N1'),
(30, 'QUA', 'N2'),
(30, 'QUA', 'N3'),
(30, 'QUA', 'N4'),
(30, 'QUA', 'N5'),
(30, 'QUA', 'N6'),
(30, 'QUA', 'T1'),
(30, 'QUA', 'T2'),
(30, 'QUA', 'T3'),
(30, 'QUA', 'T4'),
(30, 'QUA', 'T5'),
(30, 'QUA', 'T6'),
(30, 'QUI', 'M1'),
(30, 'QUI', 'M2'),
(30, 'QUI', 'M3'),
(30, 'QUI', 'M4'),
(30, 'QUI', 'M5'),
(30, 'QUI', 'M6'),
(30, 'QUI', 'N1'),
(30, 'QUI', 'N2'),
(30, 'QUI', 'N3'),
(30, 'QUI', 'N4'),
(30, 'QUI', 'N5'),
(30, 'QUI', 'N6'),
(30, 'QUI', 'T1'),
(30, 'QUI', 'T2'),
(30, 'QUI', 'T3'),
(30, 'QUI', 'T4'),
(30, 'QUI', 'T5'),
(30, 'QUI', 'T6'),
(30, 'SAB', 'M1'),
(30, 'SAB', 'M2'),
(30, 'SAB', 'M3'),
(30, 'SAB', 'M4'),
(30, 'SAB', 'M5'),
(30, 'SAB', 'M6'),
(30, 'SEG', 'M1'),
(30, 'SEG', 'M2'),
(30, 'SEG', 'M3'),
(30, 'SEG', 'M4'),
(30, 'SEG', 'M5'),
(30, 'SEG', 'M6'),
(30, 'SEG', 'N1'),
(30, 'SEG', 'N2'),
(30, 'SEG', 'N3'),
(30, 'SEG', 'N4'),
(30, 'SEG', 'N5'),
(30, 'SEG', 'N6'),
(30, 'SEG', 'T1'),
(30, 'SEG', 'T2'),
(30, 'SEG', 'T3'),
(30, 'SEG', 'T4'),
(30, 'SEG', 'T5'),
(30, 'SEG', 'T6'),
(30, 'SEX', 'M1'),
(30, 'SEX', 'M2'),
(30, 'SEX', 'M3'),
(30, 'SEX', 'M4'),
(30, 'SEX', 'M5'),
(30, 'SEX', 'M6'),
(30, 'SEX', 'N1'),
(30, 'SEX', 'N2'),
(30, 'SEX', 'N3'),
(30, 'SEX', 'N4'),
(30, 'SEX', 'N5'),
(30, 'SEX', 'N6'),
(30, 'SEX', 'T1'),
(30, 'SEX', 'T2'),
(30, 'SEX', 'T3'),
(30, 'SEX', 'T4'),
(30, 'SEX', 'T5'),
(30, 'SEX', 'T6'),
(30, 'TER', 'M1'),
(30, 'TER', 'M2'),
(30, 'TER', 'M3'),
(30, 'TER', 'M4'),
(30, 'TER', 'M5'),
(30, 'TER', 'M6'),
(30, 'TER', 'N1'),
(30, 'TER', 'N2'),
(30, 'TER', 'N3'),
(30, 'TER', 'N4'),
(30, 'TER', 'N5'),
(30, 'TER', 'N6'),
(30, 'TER', 'T1'),
(30, 'TER', 'T2'),
(30, 'TER', 'T3'),
(30, 'TER', 'T4'),
(30, 'TER', 'T5'),
(30, 'TER', 'T6'),
(31, 'QUA', 'M1'),
(31, 'QUA', 'M2'),
(31, 'QUA', 'M3'),
(31, 'QUA', 'M4'),
(31, 'QUA', 'M5'),
(31, 'QUA', 'M6'),
(31, 'QUA', 'N1'),
(31, 'QUA', 'N2'),
(31, 'QUA', 'N3'),
(31, 'QUA', 'N4'),
(31, 'QUA', 'N5'),
(31, 'QUA', 'N6'),
(31, 'QUA', 'T1'),
(31, 'QUA', 'T2'),
(31, 'QUA', 'T3'),
(31, 'QUA', 'T4'),
(31, 'QUA', 'T5'),
(31, 'QUA', 'T6'),
(31, 'QUI', 'M1'),
(31, 'QUI', 'M2'),
(31, 'QUI', 'M3'),
(31, 'QUI', 'M4'),
(31, 'QUI', 'M5'),
(31, 'QUI', 'M6'),
(31, 'QUI', 'N1'),
(31, 'QUI', 'N2'),
(31, 'QUI', 'N3'),
(31, 'QUI', 'N4'),
(31, 'QUI', 'N5'),
(31, 'QUI', 'N6'),
(31, 'QUI', 'T1'),
(31, 'QUI', 'T2'),
(31, 'QUI', 'T3'),
(31, 'QUI', 'T4'),
(31, 'QUI', 'T5'),
(31, 'QUI', 'T6'),
(31, 'SAB', 'M1'),
(31, 'SAB', 'M2'),
(31, 'SAB', 'M3'),
(31, 'SAB', 'M4'),
(31, 'SAB', 'M5'),
(31, 'SAB', 'M6'),
(31, 'SEG', 'M1'),
(31, 'SEG', 'M2'),
(31, 'SEG', 'M3'),
(31, 'SEG', 'M4'),
(31, 'SEG', 'M5'),
(31, 'SEG', 'M6'),
(31, 'SEG', 'N1'),
(31, 'SEG', 'N2'),
(31, 'SEG', 'N3'),
(31, 'SEG', 'N4'),
(31, 'SEG', 'N5'),
(31, 'SEG', 'N6'),
(31, 'SEG', 'T1'),
(31, 'SEG', 'T2'),
(31, 'SEG', 'T3'),
(31, 'SEG', 'T4'),
(31, 'SEG', 'T5'),
(31, 'SEG', 'T6'),
(31, 'SEX', 'M1'),
(31, 'SEX', 'M2'),
(31, 'SEX', 'M3'),
(31, 'SEX', 'M4'),
(31, 'SEX', 'M5'),
(31, 'SEX', 'M6'),
(31, 'SEX', 'N1'),
(31, 'SEX', 'N2'),
(31, 'SEX', 'N3'),
(31, 'SEX', 'N4'),
(31, 'SEX', 'N5'),
(31, 'SEX', 'N6'),
(31, 'SEX', 'T1'),
(31, 'SEX', 'T2'),
(31, 'SEX', 'T3'),
(31, 'SEX', 'T4'),
(31, 'SEX', 'T5'),
(31, 'SEX', 'T6'),
(31, 'TER', 'M1'),
(31, 'TER', 'M2'),
(31, 'TER', 'M3'),
(31, 'TER', 'M4'),
(31, 'TER', 'M5'),
(31, 'TER', 'M6'),
(31, 'TER', 'N1'),
(31, 'TER', 'N2'),
(31, 'TER', 'N3'),
(31, 'TER', 'N4'),
(31, 'TER', 'N5'),
(31, 'TER', 'N6'),
(31, 'TER', 'T1'),
(31, 'TER', 'T2'),
(31, 'TER', 'T3'),
(31, 'TER', 'T4'),
(31, 'TER', 'T5'),
(31, 'TER', 'T6'),
(32, 'QUA', 'M1'),
(32, 'QUA', 'M2'),
(32, 'QUA', 'M3'),
(32, 'QUA', 'M4'),
(32, 'QUA', 'M5'),
(32, 'QUA', 'M6'),
(32, 'QUA', 'N1'),
(32, 'QUA', 'N2'),
(32, 'QUA', 'N3'),
(32, 'QUA', 'N4'),
(32, 'QUA', 'N5'),
(32, 'QUA', 'N6'),
(32, 'QUA', 'T1'),
(32, 'QUA', 'T2'),
(32, 'QUA', 'T3'),
(32, 'QUA', 'T4'),
(32, 'QUA', 'T5'),
(32, 'QUA', 'T6'),
(32, 'QUI', 'M1'),
(32, 'QUI', 'M2'),
(32, 'QUI', 'M3'),
(32, 'QUI', 'M4'),
(32, 'QUI', 'M5'),
(32, 'QUI', 'M6'),
(32, 'QUI', 'N1'),
(32, 'QUI', 'N2'),
(32, 'QUI', 'N3'),
(32, 'QUI', 'N4'),
(32, 'QUI', 'N5'),
(32, 'QUI', 'N6'),
(32, 'QUI', 'T1'),
(32, 'QUI', 'T2'),
(32, 'QUI', 'T3'),
(32, 'QUI', 'T4'),
(32, 'QUI', 'T5'),
(32, 'QUI', 'T6'),
(32, 'SAB', 'M1'),
(32, 'SAB', 'M2'),
(32, 'SAB', 'M3'),
(32, 'SAB', 'M4'),
(32, 'SAB', 'M5'),
(32, 'SAB', 'M6'),
(32, 'SEG', 'M1'),
(32, 'SEG', 'M2'),
(32, 'SEG', 'M3'),
(32, 'SEG', 'M4'),
(32, 'SEG', 'M5'),
(32, 'SEG', 'M6'),
(32, 'SEG', 'N1'),
(32, 'SEG', 'N2'),
(32, 'SEG', 'N3'),
(32, 'SEG', 'N4'),
(32, 'SEG', 'N5'),
(32, 'SEG', 'N6'),
(32, 'SEG', 'T1'),
(32, 'SEG', 'T2'),
(32, 'SEG', 'T3'),
(32, 'SEG', 'T4'),
(32, 'SEG', 'T5'),
(32, 'SEG', 'T6'),
(32, 'SEX', 'M1'),
(32, 'SEX', 'M2'),
(32, 'SEX', 'M3'),
(32, 'SEX', 'M4'),
(32, 'SEX', 'M5'),
(32, 'SEX', 'M6'),
(32, 'SEX', 'N1'),
(32, 'SEX', 'N2'),
(32, 'SEX', 'N3'),
(32, 'SEX', 'N4'),
(32, 'SEX', 'N5'),
(32, 'SEX', 'N6'),
(32, 'SEX', 'T1'),
(32, 'SEX', 'T2'),
(32, 'SEX', 'T3'),
(32, 'SEX', 'T4'),
(32, 'SEX', 'T5'),
(32, 'SEX', 'T6'),
(32, 'TER', 'M1'),
(32, 'TER', 'M2'),
(32, 'TER', 'M3'),
(32, 'TER', 'M4'),
(32, 'TER', 'M5'),
(32, 'TER', 'M6'),
(32, 'TER', 'N1'),
(32, 'TER', 'N2'),
(32, 'TER', 'N3'),
(32, 'TER', 'N4'),
(32, 'TER', 'N5'),
(32, 'TER', 'N6'),
(32, 'TER', 'T1'),
(32, 'TER', 'T2'),
(32, 'TER', 'T3'),
(32, 'TER', 'T4'),
(32, 'TER', 'T5'),
(32, 'TER', 'T6'),
(33, 'QUA', 'M1'),
(33, 'QUA', 'M2'),
(33, 'QUA', 'M3'),
(33, 'QUA', 'M4'),
(33, 'QUA', 'M5'),
(33, 'QUA', 'M6'),
(33, 'QUA', 'N1'),
(33, 'QUA', 'N2'),
(33, 'QUA', 'N3'),
(33, 'QUA', 'N4'),
(33, 'QUA', 'N5'),
(33, 'QUA', 'N6'),
(33, 'QUA', 'T1'),
(33, 'QUA', 'T2'),
(33, 'QUA', 'T3'),
(33, 'QUA', 'T4'),
(33, 'QUA', 'T5'),
(33, 'QUA', 'T6'),
(33, 'QUI', 'M1'),
(33, 'QUI', 'M2'),
(33, 'QUI', 'M3'),
(33, 'QUI', 'M4'),
(33, 'QUI', 'M5'),
(33, 'QUI', 'M6'),
(33, 'QUI', 'N1'),
(33, 'QUI', 'N2'),
(33, 'QUI', 'N3'),
(33, 'QUI', 'N4'),
(33, 'QUI', 'N5'),
(33, 'QUI', 'N6'),
(33, 'QUI', 'T1'),
(33, 'QUI', 'T2'),
(33, 'QUI', 'T3'),
(33, 'QUI', 'T4'),
(33, 'QUI', 'T5'),
(33, 'QUI', 'T6'),
(33, 'SAB', 'M1'),
(33, 'SAB', 'M2'),
(33, 'SAB', 'M3'),
(33, 'SAB', 'M4'),
(33, 'SAB', 'M5'),
(33, 'SAB', 'M6'),
(33, 'SEG', 'M1'),
(33, 'SEG', 'M2'),
(33, 'SEG', 'M3'),
(33, 'SEG', 'M4'),
(33, 'SEG', 'M5'),
(33, 'SEG', 'M6'),
(33, 'SEG', 'N1'),
(33, 'SEG', 'N2'),
(33, 'SEG', 'N3'),
(33, 'SEG', 'N4'),
(33, 'SEG', 'N5'),
(33, 'SEG', 'N6'),
(33, 'SEG', 'T1'),
(33, 'SEG', 'T2'),
(33, 'SEG', 'T3'),
(33, 'SEG', 'T4'),
(33, 'SEG', 'T5'),
(33, 'SEG', 'T6'),
(33, 'SEX', 'M1'),
(33, 'SEX', 'M2'),
(33, 'SEX', 'M3'),
(33, 'SEX', 'M4'),
(33, 'SEX', 'M5'),
(33, 'SEX', 'M6'),
(33, 'SEX', 'N1'),
(33, 'SEX', 'N2'),
(33, 'SEX', 'N3'),
(33, 'SEX', 'N4'),
(33, 'SEX', 'N5'),
(33, 'SEX', 'N6'),
(33, 'SEX', 'T1'),
(33, 'SEX', 'T2'),
(33, 'SEX', 'T3'),
(33, 'SEX', 'T4'),
(33, 'SEX', 'T5'),
(33, 'SEX', 'T6'),
(33, 'TER', 'M1'),
(33, 'TER', 'M2'),
(33, 'TER', 'M3'),
(33, 'TER', 'M4'),
(33, 'TER', 'M5'),
(33, 'TER', 'M6'),
(33, 'TER', 'N1'),
(33, 'TER', 'N2'),
(33, 'TER', 'N3'),
(33, 'TER', 'N4'),
(33, 'TER', 'N5'),
(33, 'TER', 'N6'),
(33, 'TER', 'T1'),
(33, 'TER', 'T2'),
(33, 'TER', 'T3'),
(33, 'TER', 'T4'),
(33, 'TER', 'T5'),
(33, 'TER', 'T6'),
(34, 'QUA', 'M1'),
(34, 'QUA', 'M2'),
(34, 'QUA', 'M3'),
(34, 'QUA', 'M4'),
(34, 'QUA', 'M5'),
(34, 'QUA', 'M6'),
(34, 'QUA', 'N1'),
(34, 'QUA', 'N2'),
(34, 'QUA', 'N3'),
(34, 'QUA', 'N4'),
(34, 'QUA', 'N5'),
(34, 'QUA', 'N6'),
(34, 'QUA', 'T1'),
(34, 'QUA', 'T2'),
(34, 'QUA', 'T3'),
(34, 'QUA', 'T4'),
(34, 'QUA', 'T5'),
(34, 'QUA', 'T6'),
(34, 'QUI', 'M1'),
(34, 'QUI', 'M2'),
(34, 'QUI', 'M3'),
(34, 'QUI', 'M4'),
(34, 'QUI', 'M5'),
(34, 'QUI', 'M6'),
(34, 'QUI', 'N1'),
(34, 'QUI', 'N2'),
(34, 'QUI', 'N3'),
(34, 'QUI', 'N4'),
(34, 'QUI', 'N5'),
(34, 'QUI', 'N6'),
(34, 'QUI', 'T1'),
(34, 'QUI', 'T2'),
(34, 'QUI', 'T3'),
(34, 'QUI', 'T4'),
(34, 'QUI', 'T5'),
(34, 'QUI', 'T6'),
(34, 'SAB', 'M1'),
(34, 'SAB', 'M2'),
(34, 'SAB', 'M3'),
(34, 'SAB', 'M4'),
(34, 'SAB', 'M5'),
(34, 'SAB', 'M6'),
(34, 'SEG', 'M1'),
(34, 'SEG', 'M2'),
(34, 'SEG', 'M3'),
(34, 'SEG', 'M4'),
(34, 'SEG', 'M5'),
(34, 'SEG', 'M6'),
(34, 'SEG', 'N1'),
(34, 'SEG', 'N2'),
(34, 'SEG', 'N3'),
(34, 'SEG', 'N4'),
(34, 'SEG', 'N5'),
(34, 'SEG', 'N6'),
(34, 'SEG', 'T1'),
(34, 'SEG', 'T2'),
(34, 'SEG', 'T3'),
(34, 'SEG', 'T4'),
(34, 'SEG', 'T5'),
(34, 'SEG', 'T6'),
(34, 'SEX', 'M1'),
(34, 'SEX', 'M2'),
(34, 'SEX', 'M3'),
(34, 'SEX', 'M4'),
(34, 'SEX', 'M5'),
(34, 'SEX', 'M6'),
(34, 'SEX', 'N1'),
(34, 'SEX', 'N2'),
(34, 'SEX', 'N3'),
(34, 'SEX', 'N4'),
(34, 'SEX', 'N5'),
(34, 'SEX', 'N6'),
(34, 'SEX', 'T1'),
(34, 'SEX', 'T2'),
(34, 'SEX', 'T3'),
(34, 'SEX', 'T4'),
(34, 'SEX', 'T5'),
(34, 'SEX', 'T6'),
(34, 'TER', 'M1'),
(34, 'TER', 'M2'),
(34, 'TER', 'M3'),
(34, 'TER', 'M4'),
(34, 'TER', 'M5'),
(34, 'TER', 'M6'),
(34, 'TER', 'N1'),
(34, 'TER', 'N2'),
(34, 'TER', 'N3'),
(34, 'TER', 'N4'),
(34, 'TER', 'N5'),
(34, 'TER', 'N6'),
(34, 'TER', 'T1'),
(34, 'TER', 'T2'),
(34, 'TER', 'T3'),
(34, 'TER', 'T4'),
(34, 'TER', 'T5'),
(34, 'TER', 'T6'),
(35, 'QUA', 'M1'),
(35, 'QUA', 'M2'),
(35, 'QUA', 'M3'),
(35, 'QUA', 'M4'),
(35, 'QUA', 'M5'),
(35, 'QUA', 'M6'),
(35, 'QUA', 'N1'),
(35, 'QUA', 'N2'),
(35, 'QUA', 'N3'),
(35, 'QUA', 'N4'),
(35, 'QUA', 'N5'),
(35, 'QUA', 'N6'),
(35, 'QUA', 'T1'),
(35, 'QUA', 'T2'),
(35, 'QUA', 'T3'),
(35, 'QUA', 'T4'),
(35, 'QUA', 'T5'),
(35, 'QUA', 'T6'),
(35, 'QUI', 'M1'),
(35, 'QUI', 'M2'),
(35, 'QUI', 'M3'),
(35, 'QUI', 'M4'),
(35, 'QUI', 'M5'),
(35, 'QUI', 'M6'),
(35, 'QUI', 'N1'),
(35, 'QUI', 'N2'),
(35, 'QUI', 'N3'),
(35, 'QUI', 'N4'),
(35, 'QUI', 'N5'),
(35, 'QUI', 'N6'),
(35, 'QUI', 'T1'),
(35, 'QUI', 'T2'),
(35, 'QUI', 'T3'),
(35, 'QUI', 'T4'),
(35, 'QUI', 'T5'),
(35, 'QUI', 'T6'),
(35, 'SAB', 'M1'),
(35, 'SAB', 'M2'),
(35, 'SAB', 'M3'),
(35, 'SAB', 'M4'),
(35, 'SAB', 'M5'),
(35, 'SAB', 'M6'),
(35, 'SEG', 'M1'),
(35, 'SEG', 'M2'),
(35, 'SEG', 'M3'),
(35, 'SEG', 'M4'),
(35, 'SEG', 'M5'),
(35, 'SEG', 'M6'),
(35, 'SEG', 'N1'),
(35, 'SEG', 'N2'),
(35, 'SEG', 'N3'),
(35, 'SEG', 'N4'),
(35, 'SEG', 'N5'),
(35, 'SEG', 'N6'),
(35, 'SEG', 'T1'),
(35, 'SEG', 'T2'),
(35, 'SEG', 'T3'),
(35, 'SEG', 'T4'),
(35, 'SEG', 'T5'),
(35, 'SEG', 'T6'),
(35, 'SEX', 'M1'),
(35, 'SEX', 'M2'),
(35, 'SEX', 'M3'),
(35, 'SEX', 'M4'),
(35, 'SEX', 'M5'),
(35, 'SEX', 'M6'),
(35, 'SEX', 'N1'),
(35, 'SEX', 'N2'),
(35, 'SEX', 'N3'),
(35, 'SEX', 'N4'),
(35, 'SEX', 'N5'),
(35, 'SEX', 'N6'),
(35, 'SEX', 'T1'),
(35, 'SEX', 'T2'),
(35, 'SEX', 'T3'),
(35, 'SEX', 'T4'),
(35, 'SEX', 'T5'),
(35, 'SEX', 'T6'),
(35, 'TER', 'M1'),
(35, 'TER', 'M2'),
(35, 'TER', 'M3'),
(35, 'TER', 'M4'),
(35, 'TER', 'M5'),
(35, 'TER', 'M6'),
(35, 'TER', 'N1'),
(35, 'TER', 'N2'),
(35, 'TER', 'N3'),
(35, 'TER', 'N4'),
(35, 'TER', 'N5'),
(35, 'TER', 'N6'),
(35, 'TER', 'T1'),
(35, 'TER', 'T2'),
(35, 'TER', 'T3'),
(35, 'TER', 'T4'),
(35, 'TER', 'T5'),
(35, 'TER', 'T6'),
(36, 'QUA', 'M1'),
(36, 'QUA', 'M2'),
(36, 'QUA', 'M3'),
(36, 'QUA', 'M4'),
(36, 'QUA', 'M5'),
(36, 'QUA', 'M6'),
(36, 'QUA', 'N1'),
(36, 'QUA', 'N2'),
(36, 'QUA', 'N3'),
(36, 'QUA', 'N4'),
(36, 'QUA', 'N5'),
(36, 'QUA', 'N6'),
(36, 'QUA', 'T1'),
(36, 'QUA', 'T2'),
(36, 'QUA', 'T3'),
(36, 'QUA', 'T4'),
(36, 'QUA', 'T5'),
(36, 'QUA', 'T6'),
(36, 'QUI', 'M1'),
(36, 'QUI', 'M2'),
(36, 'QUI', 'M3'),
(36, 'QUI', 'M4'),
(36, 'QUI', 'M5'),
(36, 'QUI', 'M6'),
(36, 'QUI', 'N1'),
(36, 'QUI', 'N2'),
(36, 'QUI', 'N3'),
(36, 'QUI', 'N4'),
(36, 'QUI', 'N5'),
(36, 'QUI', 'N6'),
(36, 'QUI', 'T1'),
(36, 'QUI', 'T2'),
(36, 'QUI', 'T3'),
(36, 'QUI', 'T4'),
(36, 'QUI', 'T5'),
(36, 'QUI', 'T6'),
(36, 'SAB', 'M1'),
(36, 'SAB', 'M2'),
(36, 'SAB', 'M3'),
(36, 'SAB', 'M4'),
(36, 'SAB', 'M5'),
(36, 'SAB', 'M6'),
(36, 'SEG', 'M1'),
(36, 'SEG', 'M2'),
(36, 'SEG', 'M3'),
(36, 'SEG', 'M4'),
(36, 'SEG', 'M5'),
(36, 'SEG', 'M6'),
(36, 'SEG', 'N1'),
(36, 'SEG', 'N2'),
(36, 'SEG', 'N3'),
(36, 'SEG', 'N4'),
(36, 'SEG', 'N5'),
(36, 'SEG', 'N6'),
(36, 'SEG', 'T1'),
(36, 'SEG', 'T2'),
(36, 'SEG', 'T3'),
(36, 'SEG', 'T4'),
(36, 'SEG', 'T5'),
(36, 'SEG', 'T6'),
(36, 'SEX', 'M1'),
(36, 'SEX', 'M2'),
(36, 'SEX', 'M3'),
(36, 'SEX', 'M4'),
(36, 'SEX', 'M5'),
(36, 'SEX', 'M6'),
(36, 'SEX', 'N1'),
(36, 'SEX', 'N2'),
(36, 'SEX', 'N3'),
(36, 'SEX', 'N4'),
(36, 'SEX', 'N5'),
(36, 'SEX', 'N6'),
(36, 'SEX', 'T1'),
(36, 'SEX', 'T2'),
(36, 'SEX', 'T3'),
(36, 'SEX', 'T4'),
(36, 'SEX', 'T5'),
(36, 'SEX', 'T6'),
(36, 'TER', 'M1'),
(36, 'TER', 'M2'),
(36, 'TER', 'M3'),
(36, 'TER', 'M4'),
(36, 'TER', 'M5'),
(36, 'TER', 'M6'),
(36, 'TER', 'N1'),
(36, 'TER', 'N2'),
(36, 'TER', 'N3'),
(36, 'TER', 'N4'),
(36, 'TER', 'N5'),
(36, 'TER', 'N6'),
(36, 'TER', 'T1'),
(36, 'TER', 'T2'),
(36, 'TER', 'T3'),
(36, 'TER', 'T4'),
(36, 'TER', 'T5'),
(36, 'TER', 'T6'),
(37, 'QUA', 'M1'),
(37, 'QUA', 'M2'),
(37, 'QUA', 'M3'),
(37, 'QUA', 'M4'),
(37, 'QUA', 'M5'),
(37, 'QUA', 'M6'),
(37, 'QUA', 'N1'),
(37, 'QUA', 'N2'),
(37, 'QUA', 'N3'),
(37, 'QUA', 'N4'),
(37, 'QUA', 'N5'),
(37, 'QUA', 'N6'),
(37, 'QUA', 'T1'),
(37, 'QUA', 'T2'),
(37, 'QUA', 'T3'),
(37, 'QUA', 'T4'),
(37, 'QUA', 'T5'),
(37, 'QUA', 'T6'),
(37, 'QUI', 'M1'),
(37, 'QUI', 'M2'),
(37, 'QUI', 'M3'),
(37, 'QUI', 'M4'),
(37, 'QUI', 'M5'),
(37, 'QUI', 'M6'),
(37, 'QUI', 'N1'),
(37, 'QUI', 'N2'),
(37, 'QUI', 'N3'),
(37, 'QUI', 'N4'),
(37, 'QUI', 'N5'),
(37, 'QUI', 'N6'),
(37, 'QUI', 'T1'),
(37, 'QUI', 'T2'),
(37, 'QUI', 'T3'),
(37, 'QUI', 'T4'),
(37, 'QUI', 'T5'),
(37, 'QUI', 'T6'),
(37, 'SAB', 'M1'),
(37, 'SAB', 'M2'),
(37, 'SAB', 'M3'),
(37, 'SAB', 'M4'),
(37, 'SAB', 'M5'),
(37, 'SAB', 'M6'),
(37, 'SEG', 'M1'),
(37, 'SEG', 'M2'),
(37, 'SEG', 'M3'),
(37, 'SEG', 'M4'),
(37, 'SEG', 'M5'),
(37, 'SEG', 'M6'),
(37, 'SEG', 'N1'),
(37, 'SEG', 'N2'),
(37, 'SEG', 'N3'),
(37, 'SEG', 'N4'),
(37, 'SEG', 'N5'),
(37, 'SEG', 'N6'),
(37, 'SEG', 'T1'),
(37, 'SEG', 'T2'),
(37, 'SEG', 'T3'),
(37, 'SEG', 'T4'),
(37, 'SEG', 'T5'),
(37, 'SEG', 'T6'),
(37, 'SEX', 'M1'),
(37, 'SEX', 'M2'),
(37, 'SEX', 'M3'),
(37, 'SEX', 'M4'),
(37, 'SEX', 'M5'),
(37, 'SEX', 'M6'),
(37, 'SEX', 'N1'),
(37, 'SEX', 'N2'),
(37, 'SEX', 'N3'),
(37, 'SEX', 'N4'),
(37, 'SEX', 'N5'),
(37, 'SEX', 'N6'),
(37, 'SEX', 'T1'),
(37, 'SEX', 'T2'),
(37, 'SEX', 'T3'),
(37, 'SEX', 'T4'),
(37, 'SEX', 'T5'),
(37, 'SEX', 'T6'),
(37, 'TER', 'M1'),
(37, 'TER', 'M2'),
(37, 'TER', 'M3'),
(37, 'TER', 'M4'),
(37, 'TER', 'M5'),
(37, 'TER', 'M6'),
(37, 'TER', 'N1'),
(37, 'TER', 'N2'),
(37, 'TER', 'N3'),
(37, 'TER', 'N4'),
(37, 'TER', 'N5'),
(37, 'TER', 'N6'),
(37, 'TER', 'T1'),
(37, 'TER', 'T2'),
(37, 'TER', 'T3'),
(37, 'TER', 'T4'),
(37, 'TER', 'T5'),
(37, 'TER', 'T6'),
(38, 'QUA', 'M1'),
(38, 'QUA', 'M2'),
(38, 'QUA', 'M3'),
(38, 'QUA', 'M4'),
(38, 'QUA', 'M5'),
(38, 'QUA', 'M6'),
(38, 'QUA', 'N1'),
(38, 'QUA', 'N2'),
(38, 'QUA', 'N3'),
(38, 'QUA', 'N4'),
(38, 'QUA', 'N5'),
(38, 'QUA', 'N6'),
(38, 'QUA', 'T1'),
(38, 'QUA', 'T2'),
(38, 'QUA', 'T3'),
(38, 'QUA', 'T4'),
(38, 'QUA', 'T5'),
(38, 'QUA', 'T6'),
(38, 'QUI', 'M1'),
(38, 'QUI', 'M2'),
(38, 'QUI', 'M3'),
(38, 'QUI', 'M4'),
(38, 'QUI', 'M5'),
(38, 'QUI', 'M6'),
(38, 'QUI', 'N1'),
(38, 'QUI', 'N2'),
(38, 'QUI', 'N3'),
(38, 'QUI', 'N4'),
(38, 'QUI', 'N5'),
(38, 'QUI', 'N6'),
(38, 'QUI', 'T1'),
(38, 'QUI', 'T2'),
(38, 'QUI', 'T3'),
(38, 'QUI', 'T4'),
(38, 'QUI', 'T5'),
(38, 'QUI', 'T6'),
(38, 'SAB', 'M1'),
(38, 'SAB', 'M2'),
(38, 'SAB', 'M3'),
(38, 'SAB', 'M4'),
(38, 'SAB', 'M5'),
(38, 'SAB', 'M6'),
(38, 'SEG', 'M1'),
(38, 'SEG', 'M2'),
(38, 'SEG', 'M3'),
(38, 'SEG', 'M4'),
(38, 'SEG', 'M5'),
(38, 'SEG', 'M6'),
(38, 'SEG', 'N1'),
(38, 'SEG', 'N2'),
(38, 'SEG', 'N3'),
(38, 'SEG', 'N4'),
(38, 'SEG', 'N5'),
(38, 'SEG', 'N6'),
(38, 'SEG', 'T1'),
(38, 'SEG', 'T2'),
(38, 'SEG', 'T3'),
(38, 'SEG', 'T4'),
(38, 'SEG', 'T5'),
(38, 'SEG', 'T6'),
(38, 'SEX', 'M1'),
(38, 'SEX', 'M2'),
(38, 'SEX', 'M3'),
(38, 'SEX', 'M4'),
(38, 'SEX', 'M5'),
(38, 'SEX', 'M6'),
(38, 'SEX', 'N1'),
(38, 'SEX', 'N2'),
(38, 'SEX', 'N3'),
(38, 'SEX', 'N4'),
(38, 'SEX', 'N5'),
(38, 'SEX', 'N6'),
(38, 'SEX', 'T1'),
(38, 'SEX', 'T2'),
(38, 'SEX', 'T3'),
(38, 'SEX', 'T4'),
(38, 'SEX', 'T5'),
(38, 'SEX', 'T6'),
(38, 'TER', 'M1'),
(38, 'TER', 'M2'),
(38, 'TER', 'M3'),
(38, 'TER', 'M4'),
(38, 'TER', 'M5'),
(38, 'TER', 'M6'),
(38, 'TER', 'N1'),
(38, 'TER', 'N2'),
(38, 'TER', 'N3'),
(38, 'TER', 'N4'),
(38, 'TER', 'N5'),
(38, 'TER', 'N6'),
(38, 'TER', 'T1'),
(38, 'TER', 'T2'),
(38, 'TER', 'T3'),
(38, 'TER', 'T4'),
(38, 'TER', 'T5'),
(38, 'TER', 'T6'),
(39, 'QUA', 'M1'),
(39, 'QUA', 'M2'),
(39, 'QUA', 'M3'),
(39, 'QUA', 'M4'),
(39, 'QUA', 'M5'),
(39, 'QUA', 'M6'),
(39, 'QUA', 'N1'),
(39, 'QUA', 'N2'),
(39, 'QUA', 'N3'),
(39, 'QUA', 'N4'),
(39, 'QUA', 'N5'),
(39, 'QUA', 'N6'),
(39, 'QUA', 'T1'),
(39, 'QUA', 'T2'),
(39, 'QUA', 'T3'),
(39, 'QUA', 'T4'),
(39, 'QUA', 'T5'),
(39, 'QUA', 'T6'),
(39, 'QUI', 'M1'),
(39, 'QUI', 'M2'),
(39, 'QUI', 'M3'),
(39, 'QUI', 'M4'),
(39, 'QUI', 'M5'),
(39, 'QUI', 'M6'),
(39, 'QUI', 'N1'),
(39, 'QUI', 'N2'),
(39, 'QUI', 'N3'),
(39, 'QUI', 'N4'),
(39, 'QUI', 'N5'),
(39, 'QUI', 'N6'),
(39, 'QUI', 'T1'),
(39, 'QUI', 'T2'),
(39, 'QUI', 'T3'),
(39, 'QUI', 'T4'),
(39, 'QUI', 'T5'),
(39, 'QUI', 'T6'),
(39, 'SAB', 'M1'),
(39, 'SAB', 'M2'),
(39, 'SAB', 'M3'),
(39, 'SAB', 'M4'),
(39, 'SAB', 'M5'),
(39, 'SAB', 'M6'),
(39, 'SEG', 'M1'),
(39, 'SEG', 'M2'),
(39, 'SEG', 'M3'),
(39, 'SEG', 'M4'),
(39, 'SEG', 'M5'),
(39, 'SEG', 'M6'),
(39, 'SEG', 'N1'),
(39, 'SEG', 'N2'),
(39, 'SEG', 'N3'),
(39, 'SEG', 'N4'),
(39, 'SEG', 'N5'),
(39, 'SEG', 'N6'),
(39, 'SEG', 'T1'),
(39, 'SEG', 'T2'),
(39, 'SEG', 'T3'),
(39, 'SEG', 'T4'),
(39, 'SEG', 'T5'),
(39, 'SEG', 'T6'),
(39, 'SEX', 'M1');
INSERT INTO `sala_tempoaula` (`Sala_idSala`, `TempoAula_dia`, `TempoAula_horario`) VALUES
(39, 'SEX', 'M2'),
(39, 'SEX', 'M3'),
(39, 'SEX', 'M4'),
(39, 'SEX', 'M5'),
(39, 'SEX', 'M6'),
(39, 'SEX', 'N1'),
(39, 'SEX', 'N2'),
(39, 'SEX', 'N3'),
(39, 'SEX', 'N4'),
(39, 'SEX', 'N5'),
(39, 'SEX', 'N6'),
(39, 'SEX', 'T1'),
(39, 'SEX', 'T2'),
(39, 'SEX', 'T3'),
(39, 'SEX', 'T4'),
(39, 'SEX', 'T5'),
(39, 'SEX', 'T6'),
(39, 'TER', 'M1'),
(39, 'TER', 'M2'),
(39, 'TER', 'M3'),
(39, 'TER', 'M4'),
(39, 'TER', 'M5'),
(39, 'TER', 'M6'),
(39, 'TER', 'N1'),
(39, 'TER', 'N2'),
(39, 'TER', 'N3'),
(39, 'TER', 'N4'),
(39, 'TER', 'N5'),
(39, 'TER', 'N6'),
(39, 'TER', 'T1'),
(39, 'TER', 'T2'),
(39, 'TER', 'T3'),
(39, 'TER', 'T4'),
(39, 'TER', 'T5'),
(39, 'TER', 'T6'),
(40, 'QUA', 'M1'),
(40, 'QUA', 'M2'),
(40, 'QUA', 'M3'),
(40, 'QUA', 'M4'),
(40, 'QUA', 'M5'),
(40, 'QUA', 'M6'),
(40, 'QUA', 'N1'),
(40, 'QUA', 'N2'),
(40, 'QUA', 'N3'),
(40, 'QUA', 'N4'),
(40, 'QUA', 'N5'),
(40, 'QUA', 'N6'),
(40, 'QUA', 'T1'),
(40, 'QUA', 'T2'),
(40, 'QUA', 'T3'),
(40, 'QUA', 'T4'),
(40, 'QUA', 'T5'),
(40, 'QUA', 'T6'),
(40, 'QUI', 'M1'),
(40, 'QUI', 'M2'),
(40, 'QUI', 'M3'),
(40, 'QUI', 'M4'),
(40, 'QUI', 'M5'),
(40, 'QUI', 'M6'),
(40, 'QUI', 'N1'),
(40, 'QUI', 'N2'),
(40, 'QUI', 'N3'),
(40, 'QUI', 'N4'),
(40, 'QUI', 'N5'),
(40, 'QUI', 'N6'),
(40, 'QUI', 'T1'),
(40, 'QUI', 'T2'),
(40, 'QUI', 'T3'),
(40, 'QUI', 'T4'),
(40, 'QUI', 'T5'),
(40, 'QUI', 'T6'),
(40, 'SAB', 'M1'),
(40, 'SAB', 'M2'),
(40, 'SAB', 'M3'),
(40, 'SAB', 'M4'),
(40, 'SAB', 'M5'),
(40, 'SAB', 'M6'),
(40, 'SEG', 'M1'),
(40, 'SEG', 'M2'),
(40, 'SEG', 'M3'),
(40, 'SEG', 'M4'),
(40, 'SEG', 'M5'),
(40, 'SEG', 'M6'),
(40, 'SEG', 'N1'),
(40, 'SEG', 'N2'),
(40, 'SEG', 'N3'),
(40, 'SEG', 'N4'),
(40, 'SEG', 'N5'),
(40, 'SEG', 'N6'),
(40, 'SEG', 'T1'),
(40, 'SEG', 'T2'),
(40, 'SEG', 'T3'),
(40, 'SEG', 'T4'),
(40, 'SEG', 'T5'),
(40, 'SEG', 'T6'),
(40, 'SEX', 'M1'),
(40, 'SEX', 'M2'),
(40, 'SEX', 'M3'),
(40, 'SEX', 'M4'),
(40, 'SEX', 'M5'),
(40, 'SEX', 'M6'),
(40, 'SEX', 'N1'),
(40, 'SEX', 'N2'),
(40, 'SEX', 'N3'),
(40, 'SEX', 'N4'),
(40, 'SEX', 'N5'),
(40, 'SEX', 'N6'),
(40, 'SEX', 'T1'),
(40, 'SEX', 'T2'),
(40, 'SEX', 'T3'),
(40, 'SEX', 'T4'),
(40, 'SEX', 'T5'),
(40, 'SEX', 'T6'),
(40, 'TER', 'M1'),
(40, 'TER', 'M2'),
(40, 'TER', 'M3'),
(40, 'TER', 'M4'),
(40, 'TER', 'M5'),
(40, 'TER', 'M6'),
(40, 'TER', 'N1'),
(40, 'TER', 'N2'),
(40, 'TER', 'N3'),
(40, 'TER', 'N4'),
(40, 'TER', 'N5'),
(40, 'TER', 'N6'),
(40, 'TER', 'T1'),
(40, 'TER', 'T2'),
(40, 'TER', 'T3'),
(40, 'TER', 'T4'),
(40, 'TER', 'T5'),
(40, 'TER', 'T6'),
(41, 'QUA', 'M1'),
(41, 'QUA', 'M2'),
(41, 'QUA', 'M3'),
(41, 'QUA', 'M4'),
(41, 'QUA', 'M5'),
(41, 'QUA', 'M6'),
(41, 'QUA', 'N1'),
(41, 'QUA', 'N2'),
(41, 'QUA', 'N3'),
(41, 'QUA', 'N4'),
(41, 'QUA', 'N5'),
(41, 'QUA', 'N6'),
(41, 'QUA', 'T1'),
(41, 'QUA', 'T2'),
(41, 'QUA', 'T3'),
(41, 'QUA', 'T4'),
(41, 'QUA', 'T5'),
(41, 'QUA', 'T6'),
(41, 'QUI', 'M1'),
(41, 'QUI', 'M2'),
(41, 'QUI', 'M3'),
(41, 'QUI', 'M4'),
(41, 'QUI', 'M5'),
(41, 'QUI', 'M6'),
(41, 'QUI', 'N1'),
(41, 'QUI', 'N2'),
(41, 'QUI', 'N3'),
(41, 'QUI', 'N4'),
(41, 'QUI', 'N5'),
(41, 'QUI', 'N6'),
(41, 'QUI', 'T1'),
(41, 'QUI', 'T2'),
(41, 'QUI', 'T3'),
(41, 'QUI', 'T4'),
(41, 'QUI', 'T5'),
(41, 'QUI', 'T6'),
(41, 'SAB', 'M1'),
(41, 'SAB', 'M2'),
(41, 'SAB', 'M3'),
(41, 'SAB', 'M4'),
(41, 'SAB', 'M5'),
(41, 'SAB', 'M6'),
(41, 'SEG', 'M1'),
(41, 'SEG', 'M2'),
(41, 'SEG', 'M3'),
(41, 'SEG', 'M4'),
(41, 'SEG', 'M5'),
(41, 'SEG', 'M6'),
(41, 'SEG', 'N1'),
(41, 'SEG', 'N2'),
(41, 'SEG', 'N3'),
(41, 'SEG', 'N4'),
(41, 'SEG', 'N5'),
(41, 'SEG', 'N6'),
(41, 'SEG', 'T1'),
(41, 'SEG', 'T2'),
(41, 'SEG', 'T3'),
(41, 'SEG', 'T4'),
(41, 'SEG', 'T5'),
(41, 'SEG', 'T6'),
(41, 'SEX', 'M1'),
(41, 'SEX', 'M2'),
(41, 'SEX', 'M3'),
(41, 'SEX', 'M4'),
(41, 'SEX', 'M5'),
(41, 'SEX', 'M6'),
(41, 'SEX', 'N1'),
(41, 'SEX', 'N2'),
(41, 'SEX', 'N3'),
(41, 'SEX', 'N4'),
(41, 'SEX', 'N5'),
(41, 'SEX', 'N6'),
(41, 'SEX', 'T1'),
(41, 'SEX', 'T2'),
(41, 'SEX', 'T3'),
(41, 'SEX', 'T4'),
(41, 'SEX', 'T5'),
(41, 'SEX', 'T6'),
(41, 'TER', 'M1'),
(41, 'TER', 'M2'),
(41, 'TER', 'M3'),
(41, 'TER', 'M4'),
(41, 'TER', 'M5'),
(41, 'TER', 'M6'),
(41, 'TER', 'N1'),
(41, 'TER', 'N2'),
(41, 'TER', 'N3'),
(41, 'TER', 'N4'),
(41, 'TER', 'N5'),
(41, 'TER', 'N6'),
(41, 'TER', 'T1'),
(41, 'TER', 'T2'),
(41, 'TER', 'T3'),
(41, 'TER', 'T4'),
(41, 'TER', 'T5'),
(41, 'TER', 'T6'),
(42, 'QUA', 'M1'),
(42, 'QUA', 'M2'),
(42, 'QUA', 'M3'),
(42, 'QUA', 'M4'),
(42, 'QUA', 'M5'),
(42, 'QUA', 'M6'),
(42, 'QUA', 'N1'),
(42, 'QUA', 'N2'),
(42, 'QUA', 'N3'),
(42, 'QUA', 'N4'),
(42, 'QUA', 'N5'),
(42, 'QUA', 'N6'),
(42, 'QUA', 'T1'),
(42, 'QUA', 'T2'),
(42, 'QUA', 'T3'),
(42, 'QUA', 'T4'),
(42, 'QUA', 'T5'),
(42, 'QUA', 'T6'),
(42, 'QUI', 'M1'),
(42, 'QUI', 'M2'),
(42, 'QUI', 'M3'),
(42, 'QUI', 'M4'),
(42, 'QUI', 'M5'),
(42, 'QUI', 'M6'),
(42, 'QUI', 'N1'),
(42, 'QUI', 'N2'),
(42, 'QUI', 'N3'),
(42, 'QUI', 'N4'),
(42, 'QUI', 'N5'),
(42, 'QUI', 'N6'),
(42, 'QUI', 'T1'),
(42, 'QUI', 'T2'),
(42, 'QUI', 'T3'),
(42, 'QUI', 'T4'),
(42, 'QUI', 'T5'),
(42, 'QUI', 'T6'),
(42, 'SAB', 'M1'),
(42, 'SAB', 'M2'),
(42, 'SAB', 'M3'),
(42, 'SAB', 'M4'),
(42, 'SAB', 'M5'),
(42, 'SAB', 'M6'),
(42, 'SEG', 'M1'),
(42, 'SEG', 'M2'),
(42, 'SEG', 'M3'),
(42, 'SEG', 'M4'),
(42, 'SEG', 'M5'),
(42, 'SEG', 'M6'),
(42, 'SEG', 'N1'),
(42, 'SEG', 'N2'),
(42, 'SEG', 'N3'),
(42, 'SEG', 'N4'),
(42, 'SEG', 'N5'),
(42, 'SEG', 'N6'),
(42, 'SEG', 'T1'),
(42, 'SEG', 'T2'),
(42, 'SEG', 'T3'),
(42, 'SEG', 'T4'),
(42, 'SEG', 'T5'),
(42, 'SEG', 'T6'),
(42, 'SEX', 'M1'),
(42, 'SEX', 'M2'),
(42, 'SEX', 'M3'),
(42, 'SEX', 'M4'),
(42, 'SEX', 'M5'),
(42, 'SEX', 'M6'),
(42, 'SEX', 'N1'),
(42, 'SEX', 'N2'),
(42, 'SEX', 'N3'),
(42, 'SEX', 'N4'),
(42, 'SEX', 'N5'),
(42, 'SEX', 'N6'),
(42, 'SEX', 'T1'),
(42, 'SEX', 'T2'),
(42, 'SEX', 'T3'),
(42, 'SEX', 'T4'),
(42, 'SEX', 'T5'),
(42, 'SEX', 'T6'),
(42, 'TER', 'M1'),
(42, 'TER', 'M2'),
(42, 'TER', 'M3'),
(42, 'TER', 'M4'),
(42, 'TER', 'M5'),
(42, 'TER', 'M6'),
(42, 'TER', 'N1'),
(42, 'TER', 'N2'),
(42, 'TER', 'N3'),
(42, 'TER', 'N4'),
(42, 'TER', 'N5'),
(42, 'TER', 'N6'),
(42, 'TER', 'T1'),
(42, 'TER', 'T2'),
(42, 'TER', 'T3'),
(42, 'TER', 'T4'),
(42, 'TER', 'T5'),
(42, 'TER', 'T6'),
(43, 'QUA', 'M1'),
(43, 'QUA', 'M2'),
(43, 'QUA', 'M3'),
(43, 'QUA', 'M4'),
(43, 'QUA', 'M5'),
(43, 'QUA', 'M6'),
(43, 'QUA', 'N1'),
(43, 'QUA', 'N2'),
(43, 'QUA', 'N3'),
(43, 'QUA', 'N4'),
(43, 'QUA', 'N5'),
(43, 'QUA', 'N6'),
(43, 'QUA', 'T1'),
(43, 'QUA', 'T2'),
(43, 'QUA', 'T3'),
(43, 'QUA', 'T4'),
(43, 'QUA', 'T5'),
(43, 'QUA', 'T6'),
(43, 'QUI', 'M1'),
(43, 'QUI', 'M2'),
(43, 'QUI', 'M3'),
(43, 'QUI', 'M4'),
(43, 'QUI', 'M5'),
(43, 'QUI', 'M6'),
(43, 'QUI', 'N1'),
(43, 'QUI', 'N2'),
(43, 'QUI', 'N3'),
(43, 'QUI', 'N4'),
(43, 'QUI', 'N5'),
(43, 'QUI', 'N6'),
(43, 'QUI', 'T1'),
(43, 'QUI', 'T2'),
(43, 'QUI', 'T3'),
(43, 'QUI', 'T4'),
(43, 'QUI', 'T5'),
(43, 'QUI', 'T6'),
(43, 'SAB', 'M1'),
(43, 'SAB', 'M2'),
(43, 'SAB', 'M3'),
(43, 'SAB', 'M4'),
(43, 'SAB', 'M5'),
(43, 'SAB', 'M6'),
(43, 'SEG', 'M1'),
(43, 'SEG', 'M2'),
(43, 'SEG', 'M3'),
(43, 'SEG', 'M4'),
(43, 'SEG', 'M5'),
(43, 'SEG', 'M6'),
(43, 'SEG', 'N1'),
(43, 'SEG', 'N2'),
(43, 'SEG', 'N3'),
(43, 'SEG', 'N4'),
(43, 'SEG', 'N5'),
(43, 'SEG', 'N6'),
(43, 'SEG', 'T1'),
(43, 'SEG', 'T2'),
(43, 'SEG', 'T3'),
(43, 'SEG', 'T4'),
(43, 'SEG', 'T5'),
(43, 'SEG', 'T6'),
(43, 'SEX', 'M1'),
(43, 'SEX', 'M2'),
(43, 'SEX', 'M3'),
(43, 'SEX', 'M4'),
(43, 'SEX', 'M5'),
(43, 'SEX', 'M6'),
(43, 'SEX', 'N1'),
(43, 'SEX', 'N2'),
(43, 'SEX', 'N3'),
(43, 'SEX', 'N4'),
(43, 'SEX', 'N5'),
(43, 'SEX', 'N6'),
(43, 'SEX', 'T1'),
(43, 'SEX', 'T2'),
(43, 'SEX', 'T3'),
(43, 'SEX', 'T4'),
(43, 'SEX', 'T5'),
(43, 'SEX', 'T6'),
(43, 'TER', 'M1'),
(43, 'TER', 'M2'),
(43, 'TER', 'M3'),
(43, 'TER', 'M4'),
(43, 'TER', 'M5'),
(43, 'TER', 'M6'),
(43, 'TER', 'N1'),
(43, 'TER', 'N2'),
(43, 'TER', 'N3'),
(43, 'TER', 'N4'),
(43, 'TER', 'N5'),
(43, 'TER', 'N6'),
(43, 'TER', 'T1'),
(43, 'TER', 'T2'),
(43, 'TER', 'T3'),
(43, 'TER', 'T4'),
(43, 'TER', 'T5'),
(43, 'TER', 'T6'),
(44, 'QUA', 'M1'),
(44, 'QUA', 'M2'),
(44, 'QUA', 'M3'),
(44, 'QUA', 'M4'),
(44, 'QUA', 'M5'),
(44, 'QUA', 'M6'),
(44, 'QUA', 'N1'),
(44, 'QUA', 'N2'),
(44, 'QUA', 'N3'),
(44, 'QUA', 'N4'),
(44, 'QUA', 'N5'),
(44, 'QUA', 'N6'),
(44, 'QUA', 'T1'),
(44, 'QUA', 'T2'),
(44, 'QUA', 'T3'),
(44, 'QUA', 'T4'),
(44, 'QUA', 'T5'),
(44, 'QUA', 'T6'),
(44, 'QUI', 'M1'),
(44, 'QUI', 'M2'),
(44, 'QUI', 'M3'),
(44, 'QUI', 'M4'),
(44, 'QUI', 'M5'),
(44, 'QUI', 'M6'),
(44, 'QUI', 'N1'),
(44, 'QUI', 'N2'),
(44, 'QUI', 'N3'),
(44, 'QUI', 'N4'),
(44, 'QUI', 'N5'),
(44, 'QUI', 'N6'),
(44, 'QUI', 'T1'),
(44, 'QUI', 'T2'),
(44, 'QUI', 'T3'),
(44, 'QUI', 'T4'),
(44, 'QUI', 'T5'),
(44, 'QUI', 'T6'),
(44, 'SAB', 'M1'),
(44, 'SAB', 'M2'),
(44, 'SAB', 'M3'),
(44, 'SAB', 'M4'),
(44, 'SAB', 'M5'),
(44, 'SAB', 'M6'),
(44, 'SEG', 'M1'),
(44, 'SEG', 'M2'),
(44, 'SEG', 'M3'),
(44, 'SEG', 'M4'),
(44, 'SEG', 'M5'),
(44, 'SEG', 'M6'),
(44, 'SEG', 'N1'),
(44, 'SEG', 'N2'),
(44, 'SEG', 'N3'),
(44, 'SEG', 'N4'),
(44, 'SEG', 'N5'),
(44, 'SEG', 'N6'),
(44, 'SEG', 'T1'),
(44, 'SEG', 'T2'),
(44, 'SEG', 'T3'),
(44, 'SEG', 'T4'),
(44, 'SEG', 'T5'),
(44, 'SEG', 'T6'),
(44, 'SEX', 'M1'),
(44, 'SEX', 'M2'),
(44, 'SEX', 'M3'),
(44, 'SEX', 'M4'),
(44, 'SEX', 'M5'),
(44, 'SEX', 'M6'),
(44, 'SEX', 'N1'),
(44, 'SEX', 'N2'),
(44, 'SEX', 'N3'),
(44, 'SEX', 'N4'),
(44, 'SEX', 'N5'),
(44, 'SEX', 'N6'),
(44, 'SEX', 'T1'),
(44, 'SEX', 'T2'),
(44, 'SEX', 'T3'),
(44, 'SEX', 'T4'),
(44, 'SEX', 'T5'),
(44, 'SEX', 'T6'),
(44, 'TER', 'M1'),
(44, 'TER', 'M2'),
(44, 'TER', 'M3'),
(44, 'TER', 'M4'),
(44, 'TER', 'M5'),
(44, 'TER', 'M6'),
(44, 'TER', 'N1'),
(44, 'TER', 'N2'),
(44, 'TER', 'N3'),
(44, 'TER', 'N4'),
(44, 'TER', 'N5'),
(44, 'TER', 'N6'),
(44, 'TER', 'T1'),
(44, 'TER', 'T2'),
(44, 'TER', 'T3'),
(44, 'TER', 'T4'),
(44, 'TER', 'T5'),
(44, 'TER', 'T6');

-- --------------------------------------------------------

--
-- Table structure for table `tempoaula`
--

CREATE TABLE `tempoaula` (
  `dia` varchar(3) NOT NULL,
  `horario` varchar(2) NOT NULL
) ENGINE=InnoDB DEFAULT CHARSET=utf8;

--
-- Dumping data for table `tempoaula`
--

INSERT INTO `tempoaula` (`dia`, `horario`) VALUES
('DOM', 'M1'),
('DOM', 'M2'),
('DOM', 'M3'),
('DOM', 'M4'),
('DOM', 'M5'),
('DOM', 'M6'),
('DOM', 'N1'),
('DOM', 'N2'),
('DOM', 'N3'),
('DOM', 'N4'),
('DOM', 'N5'),
('DOM', 'N6'),
('DOM', 'T1'),
('DOM', 'T2'),
('DOM', 'T3'),
('DOM', 'T4'),
('DOM', 'T5'),
('DOM', 'T6'),
('QUA', 'M1'),
('QUA', 'M2'),
('QUA', 'M3'),
('QUA', 'M4'),
('QUA', 'M5'),
('QUA', 'M6'),
('QUA', 'N1'),
('QUA', 'N2'),
('QUA', 'N3'),
('QUA', 'N4'),
('QUA', 'N5'),
('QUA', 'N6'),
('QUA', 'T1'),
('QUA', 'T2'),
('QUA', 'T3'),
('QUA', 'T4'),
('QUA', 'T5'),
('QUA', 'T6'),
('QUI', 'M1'),
('QUI', 'M2'),
('QUI', 'M3'),
('QUI', 'M4'),
('QUI', 'M5'),
('QUI', 'M6'),
('QUI', 'N1'),
('QUI', 'N2'),
('QUI', 'N3'),
('QUI', 'N4'),
('QUI', 'N5'),
('QUI', 'N6'),
('QUI', 'T1'),
('QUI', 'T2'),
('QUI', 'T3'),
('QUI', 'T4'),
('QUI', 'T5'),
('QUI', 'T6'),
('SAB', 'M1'),
('SAB', 'M2'),
('SAB', 'M3'),
('SAB', 'M4'),
('SAB', 'M5'),
('SAB', 'M6'),
('SAB', 'N1'),
('SAB', 'N2'),
('SAB', 'N3'),
('SAB', 'N4'),
('SAB', 'N5'),
('SAB', 'N6'),
('SAB', 'T1'),
('SAB', 'T2'),
('SAB', 'T3'),
('SAB', 'T4'),
('SAB', 'T5'),
('SAB', 'T6'),
('SEG', 'M1'),
('SEG', 'M2'),
('SEG', 'M3'),
('SEG', 'M4'),
('SEG', 'M5'),
('SEG', 'M6'),
('SEG', 'N1'),
('SEG', 'N2'),
('SEG', 'N3'),
('SEG', 'N4'),
('SEG', 'N5'),
('SEG', 'N6'),
('SEG', 'T1'),
('SEG', 'T2'),
('SEG', 'T3'),
('SEG', 'T4'),
('SEG', 'T5'),
('SEG', 'T6'),
('SEX', 'M1'),
('SEX', 'M2'),
('SEX', 'M3'),
('SEX', 'M4'),
('SEX', 'M5'),
('SEX', 'M6'),
('SEX', 'N1'),
('SEX', 'N2'),
('SEX', 'N3'),
('SEX', 'N4'),
('SEX', 'N5'),
('SEX', 'N6'),
('SEX', 'T1'),
('SEX', 'T2'),
('SEX', 'T3'),
('SEX', 'T4'),
('SEX', 'T5'),
('SEX', 'T6'),
('TER', 'M1'),
('TER', 'M2'),
('TER', 'M3'),
('TER', 'M4'),
('TER', 'M5'),
('TER', 'M6'),
('TER', 'N1'),
('TER', 'N2'),
('TER', 'N3'),
('TER', 'N4'),
('TER', 'N5'),
('TER', 'N6'),
('TER', 'T1'),
('TER', 'T2'),
('TER', 'T3'),
('TER', 'T4'),
('TER', 'T5'),
('TER', 'T6');

-- --------------------------------------------------------

--
-- Table structure for table `turma`
--

CREATE TABLE `turma` (
  `idTurma` int(11) NOT NULL,
  `descricao` varchar(45) DEFAULT NULL,
  `capacidade` int(11) NOT NULL,
  `ativo` tinyint(1) NOT NULL DEFAULT '1',
  `excluido` tinyint(1) NOT NULL DEFAULT '0',
  `Disciplina_idDisciplina` int(11) NOT NULL,
  `CursoPreferencial_idCurso` int(11) NOT NULL
) ENGINE=InnoDB DEFAULT CHARSET=utf8;

--
-- Dumping data for table `turma`
--

INSERT INTO `turma` (`idTurma`, `descricao`, `capacidade`, `ativo`, `excluido`, `Disciplina_idDisciplina`, `CursoPreferencial_idCurso`) VALUES
(2, 'Turma 1', 50, 1, 0, 4, 1),
(3, 'Turma 2', 50, 1, 0, 4, 1),
(4, 'Turma 1', 50, 1, 0, 7, 1),
(5, 'Turma 2', 50, 1, 0, 7, 1),
(6, 'Turma 1', 40, 1, 0, 11, 1),
(7, 'Turma 2', 40, 1, 0, 11, 1),
(8, 'Turma 1', 40, 1, 0, 13, 1),
(9, 'Turma 2', 40, 1, 0, 13, 1),
(11, 'Turma 1', 50, 1, 0, 19, 1),
(12, 'Turma 2', 50, 1, 0, 19, 1),
(13, 'Turma 1', 40, 1, 0, 24, 1),
(14, 'Turma 1', 50, 1, 0, 38, 1),
(15, 'Turma 2', 50, 1, 0, 38, 1),
(16, 'Turma 1', 50, 1, 0, 21, 1),
(17, 'Turma 1', 50, 1, 0, 26, 1),
(18, 'Turma 1', 40, 1, 0, 23, 1),
(19, 'Turma 1', 40, 1, 0, 29, 1),
(20, 'Turma 1', 50, 1, 0, 9, 1),
(21, 'Turma 1', 50, 1, 0, 3, 1),
(22, 'Turma 2', 50, 1, 0, 3, 1),
(23, 'Turma 1', 60, 1, 0, 8, 1),
(24, 'Turma 2', 60, 1, 0, 8, 1),
(25, 'Turma 1', 50, 1, 0, 12, 1),
(26, 'Turma 1', 40, 1, 0, 18, 1),
(27, 'Turma 1', 40, 1, 0, 17, 1),
(28, 'Turma 1', 50, 1, 0, 32, 1),
(29, 'Turma 1', 40, 1, 0, 33, 1),
(30, 'Turma 1', 40, 1, 0, 14, 1),
(31, 'Turma 1', 50, 1, 0, 20, 1),
(32, 'Turma 1', 40, 1, 0, 22, 1),
(33, 'Turma 1', 50, 1, 0, 35, 1),
(34, 'Turma 1', 40, 1, 0, 6, 1),
(35, 'Turma 2', 40, 1, 0, 6, 1),
(36, 'Turma 3', 30, 1, 0, 6, 1),
(37, 'Turma 1', 50, 1, 0, 2, 1),
(38, 'Turma 2', 50, 1, 0, 2, 1),
(39, 'Turma 3', 40, 1, 0, 2, 1),
(40, 'Turma 1', 30, 1, 0, 34, 1),
(41, 'Turma 1', 30, 1, 0, 30, 1),
(42, 'Turma 1', 40, 1, 0, 10, 1),
(43, 'Turma 2', 40, 1, 0, 10, 1),
(44, 'Turma 1', 40, 1, 0, 15, 1),
(45, 'Turma 1', 60, 1, 0, 5, 1),
(46, 'Turma 2', 40, 1, 0, 5, 1),
(47, 'Turma 1', 30, 1, 0, 36, 1),
(48, 'Turma 1', 40, 1, 0, 28, 1),
(49, 'Turma 1', 40, 1, 0, 27, 1),
(50, 'Turma 1', 40, 1, 0, 37, 1),
(51, 'Turma 1', 20, 1, 0, 39, 1),
(52, 'Turma 1', 40, 1, 0, 25, 1),
(53, 'Turma 1', 30, 1, 0, 31, 1),
(54, 'Turma 2', 20, 1, 0, 31, 1),
(55, 'Turma 1', 50, 1, 0, 16, 1);

--
-- Indexes for dumped tables
--

--
-- Indexes for table `agregacao`
--
ALTER TABLE `agregacao`
  ADD PRIMARY KEY (`idAgregacao`);

--
-- Indexes for table `agregacao_recurso`
--
ALTER TABLE `agregacao_recurso`
  ADD PRIMARY KEY (`Agregacao_idAgregacao`,`Recurso_idRecurso`),
  ADD KEY `fk_Agregacao_has_Recursos/Requisitos_Recursos/Requisitos1_idx` (`Recurso_idRecurso`),
  ADD KEY `fk_Agregacao_has_Recursos/Requisitos_Agregacao1_idx` (`Agregacao_idAgregacao`);

--
-- Indexes for table `agregacao_tempoaula`
--
ALTER TABLE `agregacao_tempoaula`
  ADD PRIMARY KEY (`Agregacao_idAgregacao`,`TempoAula_dia`,`TempoAula_horario`),
  ADD KEY `fk_Agregacao_has_TempoAula_TempoAula1_idx` (`TempoAula_dia`,`TempoAula_horario`),
  ADD KEY `fk_Agregacao_has_TempoAula_Agregacao1_idx` (`Agregacao_idAgregacao`);

--
-- Indexes for table `aula`
--
ALTER TABLE `aula`
  ADD PRIMARY KEY (`idAula`,`Turma_idTurma`,`Agregacao_idAgregacao`),
  ADD KEY `fk_SalasNecessidade_Turma1_idx` (`Turma_idTurma`),
  ADD KEY `fk_Aula_Agregacao1_idx` (`Agregacao_idAgregacao`);

--
-- Indexes for table `curso`
--
ALTER TABLE `curso`
  ADD PRIMARY KEY (`idCurso`),
  ADD KEY `fk_Curso_Instituto1_idx` (`Instituto_idInstituto`);

--
-- Indexes for table `departamento`
--
ALTER TABLE `departamento`
  ADD PRIMARY KEY (`idDepartamento`),
  ADD KEY `fk_Departamento_Instituto1_idx` (`Instituto_idInstituto`);

--
-- Indexes for table `disciplina`
--
ALTER TABLE `disciplina`
  ADD PRIMARY KEY (`idDisciplina`),
  ADD KEY `fk_Disciplina_Departamento1_idx` (`Departamento_idDepartamento`);

--
-- Indexes for table `disciplina_curso`
--
ALTER TABLE `disciplina_curso`
  ADD PRIMARY KEY (`Disciplina_idDisciplina`,`Curso_idCurso`),
  ADD KEY `fk_Disciplina_has_Curso_Curso1_idx` (`Curso_idCurso`),
  ADD KEY `fk_Disciplina_has_Curso_Disciplina1_idx` (`Disciplina_idDisciplina`);

--
-- Indexes for table `instituto`
--
ALTER TABLE `instituto`
  ADD PRIMARY KEY (`idInstituto`);

--
-- Indexes for table `professor`
--
ALTER TABLE `professor`
  ADD PRIMARY KEY (`idProfessor`),
  ADD KEY `fk_Professor_Instituto1_idx` (`Instituto_idInstituto`);

--
-- Indexes for table `recurso`
--
ALTER TABLE `recurso`
  ADD PRIMARY KEY (`idRecurso`);

--
-- Indexes for table `restricoes`
--
ALTER TABLE `restricoes`
  ADD PRIMARY KEY (`codRestricao`);

--
-- Indexes for table `sala`
--
ALTER TABLE `sala`
  ADD PRIMARY KEY (`idSala`),
  ADD KEY `fk_Sala_Instituto1_idx` (`Instituto_idInstituto`);

--
-- Indexes for table `sala_recurso`
--
ALTER TABLE `sala_recurso`
  ADD PRIMARY KEY (`Sala_idSala`,`Recurso_idRecurso`),
  ADD KEY `fk_Salas_has_Recursos/Requisitos_Recursos/Requisitos1_idx` (`Recurso_idRecurso`),
  ADD KEY `fk_Salas_has_Recursos/Requisitos_Salas1_idx` (`Sala_idSala`);

--
-- Indexes for table `sala_tempoaula`
--
ALTER TABLE `sala_tempoaula`
  ADD PRIMARY KEY (`Sala_idSala`,`TempoAula_dia`,`TempoAula_horario`),
  ADD KEY `fk_Sala_has_TempoAula_TempoAula1_idx` (`TempoAula_dia`,`TempoAula_horario`),
  ADD KEY `fk_Sala_has_TempoAula_Sala1_idx` (`Sala_idSala`);

--
-- Indexes for table `tempoaula`
--
ALTER TABLE `tempoaula`
  ADD PRIMARY KEY (`dia`,`horario`);

--
-- Indexes for table `turma`
--
ALTER TABLE `turma`
  ADD PRIMARY KEY (`idTurma`,`Disciplina_idDisciplina`,`CursoPreferencial_idCurso`),
  ADD KEY `fk_Turma_Disciplina_idx` (`Disciplina_idDisciplina`),
  ADD KEY `fk_Turma_Curso1_idx` (`CursoPreferencial_idCurso`);

--
-- AUTO_INCREMENT for dumped tables
--

--
-- AUTO_INCREMENT for table `agregacao`
--
ALTER TABLE `agregacao`
  MODIFY `idAgregacao` int(11) NOT NULL AUTO_INCREMENT, AUTO_INCREMENT=113;
--
-- AUTO_INCREMENT for table `aula`
--
ALTER TABLE `aula`
  MODIFY `idAula` int(11) NOT NULL AUTO_INCREMENT, AUTO_INCREMENT=113;
--
-- AUTO_INCREMENT for table `curso`
--
ALTER TABLE `curso`
  MODIFY `idCurso` int(11) NOT NULL AUTO_INCREMENT, AUTO_INCREMENT=5;
--
-- AUTO_INCREMENT for table `departamento`
--
ALTER TABLE `departamento`
  MODIFY `idDepartamento` int(11) NOT NULL AUTO_INCREMENT, AUTO_INCREMENT=8;
--
-- AUTO_INCREMENT for table `disciplina`
--
ALTER TABLE `disciplina`
  MODIFY `idDisciplina` int(11) NOT NULL AUTO_INCREMENT, AUTO_INCREMENT=40;
--
-- AUTO_INCREMENT for table `instituto`
--
ALTER TABLE `instituto`
  MODIFY `idInstituto` int(11) NOT NULL AUTO_INCREMENT, AUTO_INCREMENT=2;
--
-- AUTO_INCREMENT for table `professor`
--
ALTER TABLE `professor`
  MODIFY `idProfessor` int(11) NOT NULL AUTO_INCREMENT, AUTO_INCREMENT=38;
--
-- AUTO_INCREMENT for table `recurso`
--
ALTER TABLE `recurso`
  MODIFY `idRecurso` int(11) NOT NULL AUTO_INCREMENT, AUTO_INCREMENT=11;
--
-- AUTO_INCREMENT for table `sala`
--
ALTER TABLE `sala`
  MODIFY `idSala` int(11) NOT NULL AUTO_INCREMENT, AUTO_INCREMENT=45;
--
-- AUTO_INCREMENT for table `turma`
--
ALTER TABLE `turma`
  MODIFY `idTurma` int(11) NOT NULL AUTO_INCREMENT, AUTO_INCREMENT=56;
--
-- Constraints for dumped tables
--

--
-- Constraints for table `agregacao_recurso`
--
ALTER TABLE `agregacao_recurso`
  ADD CONSTRAINT `fk_Agregacao_has_Recursos/Requisitos_Agregacao1` FOREIGN KEY (`Agregacao_idAgregacao`) REFERENCES `agregacao` (`idAgregacao`) ON DELETE NO ACTION ON UPDATE NO ACTION,
  ADD CONSTRAINT `fk_Agregacao_has_Recursos/Requisitos_Recursos/Requisitos1` FOREIGN KEY (`Recurso_idRecurso`) REFERENCES `recurso` (`idRecurso`) ON DELETE NO ACTION ON UPDATE NO ACTION;

--
-- Constraints for table `agregacao_tempoaula`
--
ALTER TABLE `agregacao_tempoaula`
  ADD CONSTRAINT `fk_Agregacao_has_TempoAula_Agregacao1` FOREIGN KEY (`Agregacao_idAgregacao`) REFERENCES `agregacao` (`idAgregacao`) ON DELETE NO ACTION ON UPDATE NO ACTION,
  ADD CONSTRAINT `fk_Agregacao_has_TempoAula_TempoAula1` FOREIGN KEY (`TempoAula_dia`,`TempoAula_horario`) REFERENCES `tempoaula` (`dia`, `horario`) ON DELETE NO ACTION ON UPDATE NO ACTION;

--
-- Constraints for table `aula`
--
ALTER TABLE `aula`
  ADD CONSTRAINT `fk_Aula_Agregacao1` FOREIGN KEY (`Agregacao_idAgregacao`) REFERENCES `agregacao` (`idAgregacao`) ON DELETE NO ACTION ON UPDATE NO ACTION,
  ADD CONSTRAINT `fk_SalasNecessidade_Turma1` FOREIGN KEY (`Turma_idTurma`) REFERENCES `turma` (`idTurma`) ON DELETE NO ACTION ON UPDATE NO ACTION;

--
-- Constraints for table `curso`
--
ALTER TABLE `curso`
  ADD CONSTRAINT `fk_Curso_Instituto1` FOREIGN KEY (`Instituto_idInstituto`) REFERENCES `instituto` (`idInstituto`) ON DELETE NO ACTION ON UPDATE NO ACTION;

--
-- Constraints for table `departamento`
--
ALTER TABLE `departamento`
  ADD CONSTRAINT `fk_Departamento_Instituto1` FOREIGN KEY (`Instituto_idInstituto`) REFERENCES `instituto` (`idInstituto`) ON DELETE NO ACTION ON UPDATE NO ACTION;

--
-- Constraints for table `disciplina`
--
ALTER TABLE `disciplina`
  ADD CONSTRAINT `fk_Disciplina_Departamento1` FOREIGN KEY (`Departamento_idDepartamento`) REFERENCES `departamento` (`idDepartamento`) ON DELETE NO ACTION ON UPDATE NO ACTION;

--
-- Constraints for table `disciplina_curso`
--
ALTER TABLE `disciplina_curso`
  ADD CONSTRAINT `fk_Disciplina_has_Curso_Curso1` FOREIGN KEY (`Curso_idCurso`) REFERENCES `curso` (`idCurso`) ON DELETE NO ACTION ON UPDATE NO ACTION,
  ADD CONSTRAINT `fk_Disciplina_has_Curso_Disciplina1` FOREIGN KEY (`Disciplina_idDisciplina`) REFERENCES `disciplina` (`idDisciplina`) ON DELETE NO ACTION ON UPDATE NO ACTION;

--
-- Constraints for table `professor`
--
ALTER TABLE `professor`
  ADD CONSTRAINT `fk_Professor_Instituto1` FOREIGN KEY (`Instituto_idInstituto`) REFERENCES `instituto` (`idInstituto`) ON DELETE NO ACTION ON UPDATE NO ACTION;

--
-- Constraints for table `sala`
--
ALTER TABLE `sala`
  ADD CONSTRAINT `fk_Sala_Instituto1` FOREIGN KEY (`Instituto_idInstituto`) REFERENCES `instituto` (`idInstituto`) ON DELETE NO ACTION ON UPDATE NO ACTION;

--
-- Constraints for table `sala_recurso`
--
ALTER TABLE `sala_recurso`
  ADD CONSTRAINT `fk_Salas_has_Recursos/Requisitos_Recursos/Requisitos1` FOREIGN KEY (`Recurso_idRecurso`) REFERENCES `recurso` (`idRecurso`) ON DELETE NO ACTION ON UPDATE NO ACTION,
  ADD CONSTRAINT `fk_Salas_has_Recursos/Requisitos_Salas1` FOREIGN KEY (`Sala_idSala`) REFERENCES `sala` (`idSala`) ON DELETE NO ACTION ON UPDATE NO ACTION;

--
-- Constraints for table `sala_tempoaula`
--
ALTER TABLE `sala_tempoaula`
  ADD CONSTRAINT `fk_Sala_has_TempoAula_Sala1` FOREIGN KEY (`Sala_idSala`) REFERENCES `sala` (`idSala`) ON DELETE NO ACTION ON UPDATE NO ACTION,
  ADD CONSTRAINT `fk_Sala_has_TempoAula_TempoAula1` FOREIGN KEY (`TempoAula_dia`,`TempoAula_horario`) REFERENCES `tempoaula` (`dia`, `horario`) ON DELETE NO ACTION ON UPDATE NO ACTION;

--
-- Constraints for table `turma`
--
ALTER TABLE `turma`
  ADD CONSTRAINT `fk_Turma_Curso1` FOREIGN KEY (`CursoPreferencial_idCurso`) REFERENCES `curso` (`idCurso`) ON DELETE NO ACTION ON UPDATE NO ACTION,
  ADD CONSTRAINT `fk_Turma_Disciplina` FOREIGN KEY (`Disciplina_idDisciplina`) REFERENCES `disciplina` (`idDisciplina`) ON DELETE NO ACTION ON UPDATE NO ACTION;

/*!40101 SET CHARACTER_SET_CLIENT=@OLD_CHARACTER_SET_CLIENT */;
/*!40101 SET CHARACTER_SET_RESULTS=@OLD_CHARACTER_SET_RESULTS */;
/*!40101 SET COLLATION_CONNECTION=@OLD_COLLATION_CONNECTION */;
